player_id,opta_id,first_name,second_name,web_name,known_name,team_id,team_opta_id,team_name,team_short_name,element_type,position,status,news,minutes,goals_scored,assists,clean_sheets,goals_conceded,own_goals,penalties_saved,penalties_missed,yellow_cards,red_cards,saves,attacking_bonus,defending_bonus,winning_goals,key_passes,clearances_blocks_interceptions,total_points,now_cost,selected_by_percent
1,111782,Robin,Olsen,Olsen,,1,993,Malmö FF,MFF,1,GK,a,,1350,0,0,6,15,0,0,0,1,0,42,0,0,0,1,124,72,59,1.8
2,52251,Johan,Dahlin,Dahlin,,1,993,Malmö FF,MFF,1,GK,a,,540,0,0,1,14,0,0,0,0,0,21,0,0,0,0,41,17,53,1.2
3,177189,Ricardo,Friedrich,Friedrich,,1,993,Malmö FF,MFF,1,GK,u,Har lämnat klubben.,0,0,0,0,0,0,0,0,0,0,0,0,0,0,0,0,0,48,0.2
4,501260,Gabriel,Busanello,Busanello,,1,993,Malmö FF,MFF,2,DEF,a,,1166,1,0,5,19,0,0,0,4,0,0,4,12,0,15,163,60,73,3.0
5,61810,Pontus,Jansson,Jansson,,1,993,Malmö FF,MFF,2,DEF,i,Skadad.,270,1,0,1,2,0,0,0,1,0,0,0,3,0,0,32,18,62,1.8
6,68659,Jens,Stryger Larsen,Stryger Larsen,,1,993,Malmö FF,MFF,2,DEF,a,,1619,1,3,8,23,1,0,0,3,0,0,3,5,0,17,131,80,63,12.2
7,651850,Bleon,Kurtulus,Kurtulus,,1,993,Malmö FF,MFF,2,DEF,a,,421,1,0,0,8,0,0,0,3,0,0,0,1,0,1,53,19,57,2.6
8,509041,Johan,Karlsson,Karlsson,,1,993,Malmö FF,MFF,2,DEF,u,Har lämnat klubben.,294,0,0,0,8,0,0,0,0,0,0,1,0,0,3,28,11,58,1.2
9,204812,Colin,Rösler,Rösler,,1,993,Malmö FF,MFF,2,DEF,u,Har lämnat klubben.,849,0,1,3,19,0,0,0,0,0,0,0,4,0,3,78,31,58,3.6
10,493370,Andrej,Djuric,Djuric,,1,993,Malmö FF,MFF,2,DEF,a,,1425,1,0,6,25,0,0,0,5,0,0,0,11,1,1,170,60,59,2.2
11,198501,Sead,Haksabanovic,Haksabanovic,,1,993,Malmö FF,MFF,3,MID,a,,1758,4,8,8,30,0,0,0,3,0,0,14,2,1,42,117,107,98,9.4
12,420618,Arnór,Sigurdsson,Sigurdsson,,1,993,Malmö FF,MFF,3,MID,u,Har lämnat klubben.,105,0,0,0,2,0,0,0,0,0,0,0,0,0,1,10,5,93,0.2
13,76466,Anders,Christiansen,Christiansen,,1,993,Malmö FF,MFF,3,MID,a,,88,0,0,0,1,0,0,0,0,0,0,0,0,0,1,10,4,86,0.5
14,504774,Taha,Ali,Ali,,1,993,Malmö FF,MFF,3,MID,u,Har lämnat klubben.,449,1,1,2,6,0,0,0,1,0,0,4,1,0,10,41,25,88,2.4
15,533632,Otto,Rosengren,Rosengren,,1,993,Malmö FF,MFF,3,MID,a,,1704,2,4,6,27,0,0,0,6,0,0,18,9,1,52,176,88,75,7.1
16,660588,Jovan,Milosavljevic,Milosavljevic,,1,993,Malmö FF,MFF,3,MID,a,,208,1,0,1,2,0,0,0,0,0,0,0,0,0,2,15,15,72,0.4
17,172819,Stefano,Vecchia,Vecchia,,1,993,Malmö FF,MFF,3,MID,u,Har lämnat klubben.,5,0,0,0,0,0,0,0,0,0,0,0,0,0,0,3,2,68,0.6
18,650700,Kenan,Busuladzic,Busuladzic,,1,993,Malmö FF,MFF,3,MID,a,,1019,2,2,4,18,0,0,0,6,0,0,2,5,0,10,107,48,52,0.4
19,184986,Yanis,Karabelyov,Karabelyov,,1,993,Malmö FF,MFF,3,MID,a,,269,0,0,1,6,0,0,0,1,0,0,0,1,0,0,37,9,51,0.2
20,716514,Theodor,Lundbergh,Lundbergh,,1,993,Malmö FF,MFF,3,MID,a,,1048,0,3,5,18,0,0,0,3,0,0,4,4,0,16,129,49,50,0.3
21,624779,Adrian,Skogmar,Skogmar,,1,993,Malmö FF,MFF,3,MID,a,,1502,4,0,7,24,0,0,0,3,0,0,11,2,0,30,126,74,50,3.3
22,223095,Erik,Botheim,Botheim,,1,993,Malmö FF,MFF,4,FWD,u,Har lämnat klubben.,1513,10,3,5,29,0,0,1,0,0,0,4,0,3,16,52,100,100,6.1
23,499362,Daníel,Gudjohnsen,Gudjohnsen,,1,993,Malmö FF,MFF,4,FWD,a,,429,0,2,1,8,0,0,0,1,0,0,1,0,0,7,26,23,72,1.6
24,517998,Emmanuel,Ekong,Ekong,,1,993,Malmö FF,MFF,4,FWD,i,Skadad.,53,0,0,0,1,0,0,0,0,0,0,0,0,0,0,5,4,74,0.3
25,120151,Warner,Hahn,Hahn,,2,1987,Hammarby,HAM,1,GK,a,,1980,0,0,9,20,0,0,0,1,0,43,0,0,0,0,173,97,60,26.1
26,501589,Felix,Jakobsson,Jakobsson,,2,1987,Hammarby,HAM,1,GK,a,,0,0,0,0,0,0,0,0,0,0,0,0,0,0,0,0,0,54,0.6
27,658067,Elton,Fischerström,Fischerström,,2,1987,Hammarby,HAM,1,GK,a,,0,0,0,0,0,0,0,0,0,0,0,0,0,0,0,0,0,49,0.1
28,538153,Noah,Persson,Persson,,2,1987,Hammarby,HAM,2,DEF,a,,1426,2,2,7,15,0,0,0,3,0,0,4,2,0,20,123,85,74,2.8
29,565490,Victor,Eriksson,Eriksson,,2,1987,Hammarby,HAM,2,DEF,a,,1415,1,0,5,16,0,0,0,5,0,0,0,13,1,3,179,64,63,17.7
30,652944,Hampus,Skoglund,Skoglund,,2,1987,Hammarby,HAM,2,DEF,a,,1857,0,3,9,18,0,0,0,2,1,0,8,11,0,26,210,97,68,16.8
31,449396,Frederik,Winther,Winther,,2,1987,Hammarby,HAM,2,DEF,a,,1867,2,0,8,19,0,0,0,1,0,0,6,16,0,17,239,103,67,24.2
32,482192,Ibrahima,Fofana,Fofana,,2,1987,Hammarby,HAM,2,DEF,a,,1112,1,1,6,10,0,0,0,1,0,0,1,9,0,5,145,68,54,1.8
33,720724,Oscar,Steinke Brånby,Steinke Brånby,,2,1987,Hammarby,HAM,2,DEF,a,,219,0,0,1,1,0,0,0,0,0,0,0,0,0,4,27,17,53,0.1
34,675118,Björn,Hedlöf,Hedlöf,,2,1987,Hammarby,HAM,2,DEF,a,,5,0,0,0,0,0,0,0,0,0,0,0,0,0,0,1,1,54,0.1
35,685443,Jonathan,Karlsson,J. Karlsson,,29,6211,Västerås SK,VSK,2,DEF,a,,1001,0,3,3,14,0,0,0,1,0,0,1,4,0,9,90,52,48,0.4
36,66449,Nahir,Besara,Besara,,2,1987,Hammarby,HAM,3,MID,a,,1187,5,5,6,13,0,0,0,1,0,0,14,0,2,41,58,92,131,29.3
37,477664,Victor,Lind,Lind,,2,1987,Hammarby,HAM,3,MID,a,,1661,9,13,9,18,0,0,0,1,0,0,17,4,2,53,158,157,110,33.4
38,524028,Montader,Madjed,Madjed,,2,1987,Hammarby,HAM,3,MID,a,,1738,5,5,10,15,0,0,0,0,0,0,16,0,1,40,76,110,89,7.2
39,571315,Obilor,Okeke,Okeke,,21,2352,BP,BP,3,MID,a,,559,1,0,1,9,0,0,0,0,0,0,2,1,0,7,44,28,77,0.1
40,223814,Oscar,Johansson Schellhas,Johansson Schellhas,,2,1987,Hammarby,HAM,3,MID,a,,952,0,2,3,14,0,0,0,1,0,0,3,4,0,15,102,42,62,0.2
41,585165,Frank,Junior Adjei,Junior Adjei,,2,1987,Hammarby,HAM,3,MID,a,,934,3,1,6,4,0,0,0,3,0,0,11,2,1,31,86,64,58,0.9
42,208376,Tesfaldet,Tekie,Tekie,,2,1987,Hammarby,HAM,3,MID,a,,634,1,0,2,9,0,0,0,0,0,0,4,1,0,10,51,33,52,1.6
43,575860,Markus,Karlsson,M. Karlsson,,2,1987,Hammarby,HAM,3,MID,a,,1977,1,4,9,20,0,0,0,2,0,0,8,13,1,27,215,90,53,9.7
44,672946,Wilson,Lindberg Uhrström,Lindberg Uhrström,,6,1959,BK Häcken,BKH,3,MID,a,,107,0,0,1,1,0,0,0,0,0,0,0,0,0,1,12,9,47,0.1
45,728678,Sourou,Koné,Koné,,2,1987,Hammarby,HAM,3,MID,d,Tillbaka i träning.,1,0,0,0,0,0,0,0,0,0,0,0,0,0,0,1,1,48,0.1
46,479386,Dennis,Collander,Collander,,30,670,GAIS,GAIS,3,MID,a,,372,0,3,2,2,0,0,0,1,0,0,1,0,0,5,33,25,45,0.1
47,504869,Paulos,Abraham,Abraham,,2,1987,Hammarby,HAM,4,FWD,a,,1702,14,5,10,18,0,0,1,0,0,0,13,1,4,36,83,143,107,42.2
48,611698,Elohim,Kaboré,Kaboré,,2,1987,Hammarby,HAM,4,FWD,u,Utlånad till SK Beveren.,194,0,0,0,2,0,0,0,1,0,0,0,0,0,3,5,9,78,3.0
49,516901,Nikola,Vasic,Vasic,,30,670,GAIS,GAIS,4,FWD,a,,583,5,0,4,3,0,0,0,0,0,0,0,0,0,6,34,46,74,2.1
50,548928,David,Celic,Celic,,3,3056,IK Sirius,IKS,1,GK,a,,1980,0,0,7,28,0,0,0,2,0,62,0,0,0,0,208,88,52,8.1
51,531041,Ismael,Diawara,Diawara,,3,3056,IK Sirius,IKS,1,GK,a,,0,0,0,0,0,0,0,0,0,0,0,0,0,0,0,0,0,42,1.8
52,221997,Oscar,Krusnell,Krusnell,,3,3056,IK Sirius,IKS,2,DEF,a,,1852,0,4,7,27,1,0,0,4,0,0,15,17,0,38,242,97,69,14.1
53,607699,Mohamed,Soumah,Soumah,,3,3056,IK Sirius,IKS,2,DEF,a,,1609,4,0,4,24,0,0,0,3,1,0,0,21,0,2,236,83,54,14.1
54,449894,Tobias,Anker,Anker,,3,3056,IK Sirius,IKS,2,DEF,a,,1699,2,1,7,22,1,0,0,3,0,0,1,17,1,4,216,87,52,17.7
55,186531,Henrik,Rönnlöf Castegren,Castegren,,3,3056,IK Sirius,IKS,2,DEF,a,,1800,3,0,6,26,0,0,0,0,0,0,1,15,0,6,225,89,49,27.7
56,95814,Simon,Sandberg,Sandberg,,3,3056,IK Sirius,IKS,2,DEF,a,,321,0,0,1,6,0,0,0,0,0,0,0,3,0,1,48,18,43,1.0
57,652493,Victor,Ekström,Ekström,,3,3056,IK Sirius,IKS,2,DEF,a,,660,1,1,3,8,0,0,0,1,0,0,0,8,1,2,99,44,42,1.1
58,685671,Isaac,Höök,Höök,,3,3056,IK Sirius,IKS,2,DEF,n,Utlånad till Karlstad Fotboll. Kan spela för båda föreningarna.,1,0,0,0,0,0,0,0,0,0,0,0,0,0,0,0,1,43,0.1
59,440610,Bogdan,Milovanov,Milovanov,,3,3056,IK Sirius,IKS,2,DEF,u,Utlånad till Gnistan.,0,0,0,0,0,0,0,0,0,0,0,0,0,0,0,0,0,38,1.0
60,649760,Ben,Magnusson,Magnusson,,3,3056,IK Sirius,IKS,2,DEF,a,,0,0,0,0,0,0,0,0,0,0,0,0,0,0,0,0,0,38,0.5
61,551051,Isak,Bjerkebo,Bjerkebo,,3,3056,IK Sirius,IKS,3,MID,a,,1924,13,10,8,25,0,0,1,0,0,0,12,0,3,38,79,160,94,63.3
62,495439,Joakim,Persson,Persson,,3,3056,IK Sirius,IKS,3,MID,a,,486,0,2,0,8,0,0,0,1,0,0,1,1,0,5,34,21,72,1.5
63,634752,Neo,Jönsson,Jönsson,,3,3056,IK Sirius,IKS,3,MID,a,,690,2,2,4,8,0,0,0,2,0,0,5,1,2,12,42,46,68,3.5
64,646004,Matthias,Nartey,Nartey,,3,3056,IK Sirius,IKS,3,MID,d,Tillbaka i träning.,163,0,1,0,4,0,0,0,0,0,0,0,0,0,0,20,13,63,0.1
65,689689,Victor,Svensson,Svensson,,3,3056,IK Sirius,IKS,3,MID,a,,1354,3,4,8,17,0,0,0,1,0,0,4,2,1,17,112,78,55,1.0
66,544951,Marcus,Lindberg,Lindberg,,3,3056,IK Sirius,IKS,3,MID,a,,1977,2,5,7,28,0,0,0,3,0,0,7,21,0,30,264,101,58,7.3
67,531800,Melker,Heier,Heier,,3,3056,IK Sirius,IKS,3,MID,a,,1860,1,2,6,28,0,0,0,5,0,0,8,9,0,23,186,71,48,2.1
68,648969,Hugo,Mella,Mella,,3,3056,IK Sirius,IKS,3,MID,u,Utlånad till IFK Värnamo.,5,0,0,0,0,0,0,0,0,0,0,0,0,0,0,2,2,43,0.1
69,503537,Robbie,Ure,Ure,,3,3056,IK Sirius,IKS,4,FWD,u,Har lämnat klubben.,1345,15,4,5,17,0,0,0,0,0,0,7,0,5,21,67,129,89,27.9
70,701241,Samuel,Adindu,Adindu,,3,3056,IK Sirius,IKS,4,FWD,a,,594,1,2,1,12,0,0,0,1,0,0,2,2,1,10,68,37,63,0.4
71,518598,Noel,Milleskog,Milleskog,,16,2961,Degerfors IF,DEG,4,FWD,a,,315,0,0,1,6,0,0,0,0,0,0,1,0,0,5,15,10,63,0.4
72,700374,Finlay,Neat,Neat,,3,3056,IK Sirius,IKS,4,FWD,u,Utlånad till Norrby IF.,0,0,0,0,0,0,0,0,0,0,0,0,0,0,0,0,0,52,0.1
73,578592,Elis,Bishesari,Bishesari,,4,244,IFK Göteborg,GBG,1,GK,a,,1170,0,0,0,29,0,0,0,0,0,37,0,0,0,2,114,26,51,9.4
74,551066,Viktor,Andersson,V. Andersson,,4,244,IFK Göteborg,GBG,1,GK,a,,810,0,0,3,12,0,0,0,0,0,22,0,0,0,1,79,35,48,1.0
75,179300,Jonathan,Rasheed,Rasheed,,4,244,IFK Göteborg,GBG,1,GK,a,,0,0,0,0,0,0,0,0,0,0,0,0,0,0,0,0,0,49,0.1
76,654890,Noah,Tolf,Tolf,,4,244,IFK Göteborg,GBG,2,DEF,a,,1020,0,2,3,20,0,0,0,1,0,0,10,8,0,24,132,52,69,2.4
77,240166,Alexander,Jallow,Jallow,,4,244,IFK Göteborg,GBG,2,DEF,a,,948,0,0,0,21,0,0,0,1,0,0,2,5,0,8,106,21,51,0.8
78,232091,August,Erlingmark,Erlingmark,,4,244,IFK Göteborg,GBG,2,DEF,i,Skadad. Tillbaka i spel: Okänt.,1553,1,0,1,35,0,0,0,4,0,0,1,14,0,6,195,42,53,3.9
79,627127,Rockson,Yeboah,Yeboah,,4,244,IFK Göteborg,GBG,2,DEF,u,Har lämnat för Osasuna.,1195,2,1,1,28,0,0,0,2,1,0,0,22,0,2,225,53,54,1.3
80,575855,Felix,Eriksson,Eriksson,,4,244,IFK Göteborg,GBG,2,DEF,a,,1581,2,3,3,30,0,0,0,3,0,0,3,6,2,11,156,67,50,1.3
81,180662,Jonas,Bager,Bager,,4,244,IFK Göteborg,GBG,2,DEF,a,,957,0,1,2,18,0,0,0,4,0,0,0,10,0,2,130,32,48,0.3
82,728654,Gabriel,Ersoy,Ersoy,,4,244,IFK Göteborg,GBG,2,DEF,a,,0,0,0,0,0,0,0,0,0,0,0,0,0,0,0,0,0,43,0.1
83,207884,Tobias,Heintz,Heintz,,4,244,IFK Göteborg,GBG,3,MID,a,,1783,6,6,4,36,0,0,1,5,0,0,27,3,1,73,122,117,99,8.9
84,456052,Arbnor,Mucolli,Mucolli,,4,244,IFK Göteborg,GBG,3,MID,i,Skadad.,0,0,0,0,0,0,0,0,0,0,0,0,0,0,0,0,0,73,0.3
85,479433,Adam,Bergmark Wiberg,Bergmark Wiberg,,4,244,IFK Göteborg,GBG,3,MID,a,,1540,1,3,4,36,0,0,0,3,0,0,11,1,0,31,91,63,69,1.7
86,482450,Saidou,Alioum,Alioum,,4,244,IFK Göteborg,GBG,3,MID,u,Har lämnat klubben.,607,0,1,1,14,0,0,0,2,0,0,4,0,0,11,57,24,67,2.1
87,213399,Ramon Pascal,Lundqvist,Lundqvist,,4,244,IFK Göteborg,GBG,3,MID,i,Skadad.,160,0,0,0,5,0,0,0,0,0,0,0,0,0,1,9,5,63,0.1
88,648131,Benjamin,Brantlind,Brantlind,,4,244,IFK Göteborg,GBG,3,MID,u,Har lämnat klubben.,363,1,0,0,8,0,0,0,1,0,0,0,0,0,0,22,15,52,0.1
89,531792,Filip,Ottosson,Ottosson,,4,244,IFK Göteborg,GBG,3,MID,u,Utlånad till Lillestrøm.,755,1,1,0,19,0,0,0,2,0,0,3,2,0,8,79,32,50,0.2
90,246081,Kolbeinn,Thórdarson,Thórdarson,,4,244,IFK Göteborg,GBG,3,MID,a,,607,0,0,1,16,0,0,0,5,0,0,1,2,0,5,54,17,52,4.5
91,495426,Imam,Jagne,Jagne,,4,244,IFK Göteborg,GBG,3,MID,u,Utlånad till Kifisia FC.,113,0,0,0,4,0,0,0,1,0,0,0,0,0,1,10,5,52,0.3
92,515742,David,Kruse,Kruse,,4,244,IFK Göteborg,GBG,3,MID,a,,1840,2,1,2,37,0,0,0,3,0,0,9,7,0,30,178,69,48,4.2
93,705168,Leo,Radakovic,Radakovic,,4,244,IFK Göteborg,GBG,3,MID,a,,22,0,0,0,1,0,0,0,1,0,0,0,0,0,2,3,2,48,0.0
94,511334,Lucas,Kåhed,Kåhed,,4,244,IFK Göteborg,GBG,3,MID,u,Har lämnat klubben.,0,0,0,0,0,0,0,0,0,0,0,0,0,0,0,0,0,44,0.0
95,508143,Max,Fenger,Fenger,,4,244,IFK Göteborg,GBG,4,FWD,a,,500,0,1,0,9,0,0,0,2,0,0,3,0,0,8,34,22,79,7.9
96,625775,Sebastian,Clemmensen,Clemmensen,,4,244,IFK Göteborg,GBG,4,FWD,u,Har lämnat klubben.,972,3,3,2,27,0,0,0,1,0,0,5,0,1,16,72,54,62,1.0
97,581866,Tiago,Coimbra,Coimbra,,4,244,IFK Göteborg,GBG,4,FWD,a,,147,0,1,0,3,0,0,0,1,0,0,1,0,0,2,9,10,63,0.1
98,689776,Alfons,Borén,Borén,,4,244,IFK Göteborg,GBG,4,FWD,a,,164,1,0,0,3,0,0,0,1,0,0,0,0,1,0,8,12,44,0.3
99,243521,Isak,Pettersson,Pettersson,,5,375,IF Elfsborg,IFE,1,GK,a,,1980,0,0,7,22,0,1,0,1,0,62,0,0,0,1,188,102,55,19.0
100,173537,Tim,Erlandsson,Erlandsson,,5,375,IF Elfsborg,IFE,1,GK,u,Utlånad till Odds BK.,0,0,0,0,0,0,0,0,0,0,0,0,0,0,0,0,0,47,1.3
101,120722,Lucas,Hägg-Johansson,Hägg-Johansson,,5,375,IF Elfsborg,IFE,1,GK,i,Skadad.,0,0,0,0,0,0,0,0,0,0,0,0,0,0,0,0,0,44,0.2
102,61795,Niklas,Hult,Hult,,5,375,IF Elfsborg,IFE,2,DEF,a,,1817,1,2,8,18,0,0,0,2,0,0,7,15,0,22,226,101,61,32.9
103,449942,Rasmus,Wikström,Wikström,,5,375,IF Elfsborg,IFE,2,DEF,a,,1443,1,0,4,15,0,0,0,3,0,0,0,15,0,5,221,65,53,2.3
104,193792,Thomas,Isherwood,Isherwood,,5,375,IF Elfsborg,IFE,2,DEF,a,,1971,0,1,7,22,0,0,0,1,0,0,0,17,0,4,245,85,55,18.7
105,114286,Sebastian,Holmén,Holmén,,5,375,IF Elfsborg,IFE,2,DEF,d,Missade omgång 20 p.g.a. skada.,1046,0,1,5,11,0,0,0,4,0,0,0,3,0,1,102,47,49,1.9
106,654712,Rufai,Mohammed,Mohammed,,5,375,IF Elfsborg,IFE,2,DEF,u,Utlånad till Venezia.,623,0,1,0,9,0,0,0,0,0,0,1,6,0,4,102,28,44,0.7
107,581060,Buhari,Ibrahim,Ibrahim,,5,375,IF Elfsborg,IFE,2,DEF,u,Har lämnat klubben.,125,0,0,0,1,0,0,0,0,0,0,0,2,0,1,27,8,48,0.8
108,648222,Ludvig,Richtner,Richtner,,5,375,IF Elfsborg,IFE,2,DEF,u,Utlånad till IFK Mariehamn.,6,0,0,0,0,0,0,0,0,0,0,0,0,0,0,1,1,48,0.0
109,665379,Frode,Aronsson,Aronsson,,5,375,IF Elfsborg,IFE,2,DEF,u,Har lämnat klubben.,42,0,0,0,0,0,0,0,0,0,0,0,0,0,1,5,4,49,0.1
110,690621,Ozor,Okeke,Okeke,,5,375,IF Elfsborg,IFE,2,DEF,u,Utlånad till IK Brage.,137,0,0,0,3,0,0,0,0,0,0,0,1,0,1,25,4,47,0.2
111,177885,Arbër,Zeneli,A. Zeneli,,5,375,IF Elfsborg,IFE,3,MID,a,,1151,4,2,5,12,0,0,0,2,0,0,7,1,0,21,73,70,79,1.0
112,114591,Simon,Hedlund,Hedlund,,5,375,IF Elfsborg,IFE,3,MID,a,,886,0,1,4,9,0,0,0,0,0,0,1,1,0,7,79,36,68,2.1
113,240234,Simon,Olsson,Olsson,,5,375,IF Elfsborg,IFE,3,MID,a,,1789,2,3,6,21,0,0,0,3,0,0,6,6,2,26,176,76,69,3.9
114,491832,Ari,Sigurpálsson,Sigurpálsson,,5,375,IF Elfsborg,IFE,3,MID,a,,584,4,0,2,6,0,0,0,1,0,0,1,0,0,8,43,46,64,0.2
115,538451,Julius,Beck,Beck,,5,375,IF Elfsborg,IFE,3,MID,a,,1335,0,2,5,11,0,0,0,2,0,0,9,5,0,33,134,56,62,0.2
116,578595,Gottfrid,Rapp,Rapp,,5,375,IF Elfsborg,IFE,3,MID,u,Utlånad till Stabaek.,45,0,0,0,0,0,0,0,0,0,0,0,0,0,0,4,3,58,0.1
117,560982,Altti,Hellemaa,Hellemaa,,5,375,IF Elfsborg,IFE,3,MID,u,Utlånad till FF Jaro.,94,0,0,0,3,0,0,0,1,0,0,1,0,0,3,7,5,53,0.1
118,193124,Julius,Magnusson,Magnusson,,5,375,IF Elfsborg,IFE,3,MID,a,,1877,3,4,7,21,0,0,0,3,0,0,3,17,2,14,237,95,52,18.9
119,509233,Frederik,Ihler,Ihler,,5,375,IF Elfsborg,IFE,4,FWD,u,Utlånad till FC Volendam.,542,2,1,2,8,0,0,0,2,0,0,1,0,0,7,36,30,67,1.0
120,467607,Taylor,Silverholt,Silverholt,,5,375,IF Elfsborg,IFE,4,FWD,a,,647,1,2,3,8,0,0,0,1,0,0,1,0,1,4,19,32,62,2.8
121,662679,Leo,Östman,Östman,,5,375,IF Elfsborg,IFE,4,FWD,a,,1200,6,2,5,13,0,0,0,2,0,0,0,0,2,5,65,71,59,4.3
122,548936,Dion,Krasniqi,Krasniqi,,5,375,IF Elfsborg,IFE,4,FWD,a,,12,0,0,0,1,0,0,0,0,0,0,0,0,0,0,4,3,52,0.2
123,119081,Per,Frick,Frick,,5,375,IF Elfsborg,IFE,4,FWD,i,Skadad.,153,0,0,2,0,0,0,0,0,0,0,1,0,0,2,11,7,48,1.6
124,111778,Andreas,Linde,Linde,,6,1959,BK Häcken,BKH,1,GK,a,,1035,0,0,3,16,0,0,0,1,0,45,0,0,0,0,100,49,50,0.6
125,61824,Etrit,Berisha,Berisha,,6,1959,BK Häcken,BKH,1,GK,i,Skadad.,450,0,0,4,3,0,0,0,1,0,17,0,0,0,0,59,34,48,0.7
126,616926,David,Andersson,Andersson,,6,1959,BK Häcken,BKH,1,GK,a,,495,0,0,0,11,0,0,0,0,0,19,0,0,0,0,48,13,47,1.7
127,170945,Adam,Lundkvist,Lundkvist,,6,1959,BK Häcken,BKH,2,DEF,a,,1523,0,3,6,24,0,0,0,3,0,0,6,7,0,18,169,70,54,2.1
128,192336,Brice,Wembangomo,Wembangomo,,6,1959,BK Häcken,BKH,2,DEF,a,,1788,0,3,7,27,0,0,0,2,0,0,4,12,0,17,214,82,55,3.1
129,105562,Filip,Helander,Helander,,6,1959,BK Häcken,BKH,2,DEF,a,,1787,1,1,8,27,0,0,0,4,0,0,1,16,0,3,234,85,51,4.1
130,94660,Johan,Hammar,Hammar,,25,417,Örgryte IS,ÖIS,2,DEF,a,,659,0,1,1,13,0,0,0,0,0,0,0,8,0,0,98,30,47,0.7
131,226118,Leo,Väisänen,Väisänen,,6,1959,BK Häcken,BKH,2,DEF,a,,242,0,0,2,3,0,0,0,0,1,0,0,1,0,1,24,11,48,0.1
132,649807,Filip,Öhman,Öhman,,6,1959,BK Häcken,BKH,2,DEF,i,Skadad.,81,0,0,0,3,0,0,0,0,0,0,0,1,0,0,11,2,43,0.3
133,571644,Olle,Samuelsson,Samuelsson,,6,1959,BK Häcken,BKH,2,DEF,a,,681,0,1,2,10,0,0,0,1,0,0,2,3,0,6,92,30,42,0.4
134,560290,Ben,Engdahl,Engdahl,,6,1959,BK Häcken,BKH,2,DEF,i,Skadad.,0,0,0,0,0,0,0,0,0,0,0,0,0,0,0,0,0,43,0.1
135,658069,Harry,Hilvenius,Hilvenius,,6,1959,BK Häcken,BKH,2,DEF,a,,1440,1,0,5,22,0,0,0,0,0,0,0,19,0,2,215,69,45,2.5
136,153822,Jacob,Barrett Laursen,Barrett Laursen,,6,1959,BK Häcken,BKH,2,DEF,u,Har avslutat karriären.,0,0,0,0,0,0,0,0,0,0,0,0,0,0,0,0,0,39,0.2
137,45097,Mikkel,Rygaard,Rygaard,,6,1959,BK Häcken,BKH,3,MID,a,,1425,2,5,5,23,0,0,0,5,0,0,16,5,0,43,119,83,84,1.9
138,593205,Jeremy,Agbonifo,Agbonifo,,6,1959,BK Häcken,BKH,3,MID,u,Har lämnat klubben.,233,1,1,0,5,0,0,0,3,0,0,2,0,0,8,22,16,82,0.2
139,431837,Amor,Layouni,Layouni,,6,1959,BK Häcken,BKH,3,MID,u,Har lämnat klubben.,700,1,6,2,9,0,0,0,2,0,0,5,0,0,16,30,45,79,2.3
140,531725,Julius,Lindberg,Lindberg,,6,1959,BK Häcken,BKH,3,MID,a,,1608,7,8,8,20,0,0,0,3,0,0,13,1,3,36,108,119,84,8.4
141,545891,Sanders,Ngabo,Ngabo,,6,1959,BK Häcken,BKH,3,MID,u,Utlånad till Lyngby BK.,233,0,0,0,8,0,0,0,0,0,0,4,0,0,10,18,16,63,0.1
142,502513,David,Seger,Seger,,6,1959,BK Häcken,BKH,3,MID,a,,545,0,1,4,7,0,0,0,1,0,0,0,5,0,7,77,27,63,0.2
143,531755,Danilo,Al-Saed,Al-Saed,,6,1959,BK Häcken,BKH,3,MID,u,Utlånad till HamKam.,11,0,0,0,0,0,0,0,0,0,0,0,0,0,0,0,1,56,0.1
144,608215,Pontus,Dahbo,Dahbo,,6,1959,BK Häcken,BKH,3,MID,u,Utlånad till Vitesse.,178,0,0,0,6,0,0,0,1,0,0,0,1,0,1,28,10,57,0.2
145,490896,Silas,Andersen,Andersen,,6,1959,BK Häcken,BKH,3,MID,u,Har lämnat klubben.,782,3,0,2,12,0,0,0,4,0,0,4,6,0,10,101,41,59,3.9
146,627399,Severin,Nioule,Nioule,,6,1959,BK Häcken,BKH,3,MID,u,Har lämnat klubben.,0,0,0,0,0,0,0,0,0,0,0,0,0,0,0,0,0,54,0.0
147,728671,Abdoulaye,Doumbia,Doumbia,,6,1959,BK Häcken,BKH,3,MID,a,,1708,2,2,7,25,0,0,0,6,0,0,5,28,0,15,303,89,56,3.4
148,682584,Sabri,Kondo,Kondo,,6,1959,BK Häcken,BKH,3,MID,a,,0,0,0,0,0,0,0,0,0,0,0,0,0,0,0,0,0,54,0.0
149,658070,Malte,Ljungkull,Ljungkull,,6,1959,BK Häcken,BKH,3,MID,n,Utlånad till Norrby IF.,0,0,0,0,0,0,0,0,0,0,0,0,0,0,0,0,0,43,0.0
150,692479,Adrian,Svanbäck,Svanbäck,,6,1959,BK Häcken,BKH,4,FWD,a,,1677,5,7,8,23,0,0,0,2,0,0,6,1,1,23,97,95,79,6.6
151,570094,Gustav,Lindgren,Lindgren,,6,1959,BK Häcken,BKH,4,FWD,a,,1686,12,1,8,27,0,0,0,3,0,0,4,0,5,15,53,111,80,13.7
152,659286,Christ,Wawa,Wawa,,6,1959,BK Häcken,BKH,4,FWD,a,,61,1,0,0,1,0,0,0,1,0,0,0,0,0,0,1,6,58,0.2
153,182413,Jacob,Rinne,Rinne,,7,1406,Djurgården,DIF,1,GK,a,,1890,0,1,11,19,1,0,0,0,0,60,0,0,0,3,208,114,59,10.1
154,210226,Filip,Manojlovic,Manojlovic,,7,1406,Djurgården,DIF,1,GK,u,Utlånad till IK Start.,90,0,0,0,2,0,0,0,0,0,2,0,0,0,0,7,2,52,1.2
155,156607,Malkolm,Nilsson Säfqvist,Nilsson Säfqvist,,7,1406,Djurgården,DIF,1,GK,u,Avslutat karriären.,0,0,0,0,0,0,0,0,0,0,0,0,0,0,0,0,0,50,0.1
156,644622,Max,Larsson,Larsson,,7,1406,Djurgården,DIF,2,DEF,a,,1285,0,2,6,13,0,0,0,4,0,0,4,11,0,19,159,71,67,2.9
157,443250,Adam,Ståhl,Ståhl,,7,1406,Djurgården,DIF,2,DEF,a,,1033,1,1,6,13,0,0,0,2,0,0,2,5,0,10,109,63,63,2.7
158,501588,Leon,Hien,Hien,,7,1406,Djurgården,DIF,2,DEF,u,Utlånad till Tromsö IL.,127,0,0,0,2,0,0,0,1,0,0,0,1,0,0,20,5,52,2.7
159,195882,Miro,Tenho,Tenho,,7,1406,Djurgården,DIF,2,DEF,a,,1886,2,0,11,18,0,0,0,5,0,0,0,16,0,3,228,102,61,15.9
160,189744,Piotr,Johansson,Johansson,,7,1406,Djurgården,DIF,2,DEF,a,,1559,1,4,9,14,0,0,0,1,0,0,5,9,0,17,168,99,57,7.2
161,522166,Mikael,Marqués,Marqués,,7,1406,Djurgården,DIF,2,DEF,a,,648,1,1,1,14,0,0,0,2,1,0,2,5,1,5,83,28,54,0.4
162,157818,Jacob,Une,Une,,7,1406,Djurgården,DIF,2,DEF,a,,1425,1,0,10,10,0,0,0,2,0,0,0,13,0,1,177,87,53,2.7
163,244449,Mikael,Anderson,Anderson,,7,1406,Djurgården,DIF,3,MID,u,Har lämnat klubben.,199,2,1,0,5,0,0,0,0,0,0,1,0,0,5,20,19,84,0.5
164,226964,Jeppe,Okkels,Okkels,,7,1406,Djurgården,DIF,3,MID,a,,994,3,2,6,8,0,0,0,0,0,0,4,0,1,13,73,62,72,0.7
165,250995,Nino,Zugelj,Zugelj,,4,244,IFK Göteborg,GBG,3,MID,a,,328,2,0,3,1,0,0,0,0,0,0,0,0,0,3,28,26,74,0.6
166,467599,Oskar,Fallenius,Fallenius,,7,1406,Djurgården,DIF,3,MID,a,,808,2,5,3,9,0,0,0,1,0,0,4,1,0,12,71,55,75,1.7
167,632100,Bo,Hegland,Hegland,,7,1406,Djurgården,DIF,3,MID,a,,1846,8,15,11,20,0,0,0,2,0,0,22,2,3,61,120,165,83,53.6
168,644626,Patric,Åslund,Åslund,,7,1406,Djurgården,DIF,3,MID,a,,1533,6,3,10,16,0,0,0,0,0,0,6,1,2,27,103,99,66,4.7
169,610168,Matias,Siltanen,Siltanen,,7,1406,Djurgården,DIF,3,MID,a,,1895,0,2,10,21,0,0,0,3,0,0,5,13,0,21,213,74,52,3.1
170,635340,Peter,Langhoff,Langhoff,,7,1406,Djurgården,DIF,3,MID,a,,250,0,0,0,3,0,0,0,1,0,0,2,1,0,6,29,16,51,0.1
171,649814,Ahmed,Saeed,Saeed,,7,1406,Djurgården,DIF,3,MID,n,Utlånad till FC Arlanda. Kan spela för båda klubbarna.,42,0,0,0,1,0,0,0,0,0,0,0,0,0,1,9,3,53,0.0
172,447144,Hampus,Finndell,Finndell,,7,1406,Djurgården,DIF,3,MID,u,Har lämnat klubben.,1010,1,1,5,15,0,0,0,2,0,0,3,4,0,14,107,45,50,0.7
173,505629,Daniel,Stensson,Stensson,,7,1406,Djurgården,DIF,3,MID,a,,632,0,0,4,4,0,0,0,2,0,0,4,5,0,12,92,31,43,0.3
174,499336,Kristian,Lien,Lien,,7,1406,Djurgården,DIF,4,FWD,a,,1822,15,5,10,21,0,0,1,0,0,0,10,1,6,26,67,148,101,40.0
175,445985,Santeri,Haarala,Haarala,,7,1406,Djurgården,DIF,4,FWD,u,Har lämnat klubben.,0,0,0,0,0,0,0,0,0,0,0,0,0,0,0,0,0,57,0.6
176,631178,Kalipha,Jawla,Jawla,,7,1406,Djurgården,DIF,4,FWD,u,Utlånad till Östers IF.,0,0,0,0,0,0,0,0,0,0,0,0,0,0,0,0,0,58,0.1
177,428645,Samuel,Brolin,Brolin,,10,2594,Kalmar FF,KFF,1,GK,a,,1350,0,0,3,24,0,0,0,0,0,52,0,0,0,0,158,55,44,3.9
178,565445,Jakob,Kindberg,Kindberg,,10,2594,Kalmar FF,KFF,1,GK,a,,630,0,0,0,12,0,0,0,0,0,23,0,0,0,0,75,18,45,0.8
179,82769,Lars,Sætra,Sætra,,10,2594,Kalmar FF,KFF,2,DEF,a,,1314,0,0,1,25,0,0,0,3,0,0,0,6,0,4,143,32,46,1.1
180,565491,Victor,Larsson,Larsson,,10,2594,Kalmar FF,KFF,2,DEF,a,,1675,0,0,3,29,0,0,0,2,0,0,5,6,0,18,162,53,43,1.3
181,728674,Sodiq,Lawal,Lawal,,10,2594,Kalmar FF,KFF,2,DEF,a,,0,0,0,0,0,0,0,0,0,0,0,0,0,0,0,0,0,42,0.1
182,538716,Sivert,Øverby,Øverby,,10,2594,Kalmar FF,KFF,2,DEF,a,,543,0,0,1,12,0,0,0,0,0,0,2,4,0,9,79,27,42,0.2
183,560980,Rony,Jansson,Jansson,,10,2594,Kalmar FF,KFF,2,DEF,u,Har lämnat klubben.,1260,3,3,2,20,0,0,0,1,0,0,7,5,0,20,121,69,52,3.8
184,425248,Aboubacar,Keita,Keita,,10,2594,Kalmar FF,KFF,2,DEF,a,,644,2,0,0,13,1,0,0,0,0,0,0,5,0,1,82,26,44,0.3
185,648958,Zakarias,Råvik,Råvik,,10,2594,Kalmar FF,KFF,2,DEF,a,,345,0,0,1,6,1,0,0,0,0,0,0,2,0,0,46,15,42,0.1
186,438836,Achraf,Dari,Dari,,10,2594,Kalmar FF,KFF,2,DEF,u,Har lämnat klubben.,745,1,0,2,11,0,0,0,1,0,0,0,4,0,0,82,32,50,0.5
187,560990,Marius,Söderbäck,Söderbäck,,10,2594,Kalmar FF,KFF,3,MID,a,,1203,0,2,1,23,0,0,0,1,0,0,5,3,0,17,115,47,60,0.4
188,516874,Charles,Sagoe Jr,Sagoe Jr,,10,2594,Kalmar FF,KFF,3,MID,a,,1895,3,8,5,32,0,0,0,0,0,0,15,9,2,38,180,114,68,24.3
189,551213,Nassef,Chourak,Chourak,,10,2594,Kalmar FF,KFF,3,MID,a,,1099,0,0,3,18,0,0,0,2,0,0,4,3,0,14,106,37,56,0.2
190,114595,Melker,Hallberg,Hallberg,,10,2594,Kalmar FF,KFF,3,MID,a,,1312,0,2,3,22,1,0,0,2,0,0,7,4,0,19,107,50,48,0.2
191,487389,Carl,Gustafsson,Gustafsson,,10,2594,Kalmar FF,KFF,3,MID,a,,1025,2,1,2,20,0,0,0,1,0,0,3,14,1,9,157,56,47,0.5
192,565481,Abdussalam,Magashy,Magashy,,10,2594,Kalmar FF,KFF,3,MID,a,,707,1,1,1,16,0,0,0,1,0,0,1,0,0,8,56,31,48,0.1
193,548882,Abdi Mohamed,Sabriye,Sabriye,,10,2594,Kalmar FF,KFF,3,MID,u,Utlånad till FF Jaro.,0,0,0,0,0,0,0,0,0,0,0,0,0,0,0,0,0,48,0.0
194,156670,Robert,Gojani,Gojani,,10,2594,Kalmar FF,KFF,3,MID,a,,1446,0,2,2,26,0,0,0,1,0,0,2,6,0,11,137,49,45,0.6
195,617617,William,Andersson,W. Andersson,,10,2594,Kalmar FF,KFF,3,MID,d,Utlånad till FK Karlskrona. Kan spela för båda klubbarna.,0,0,0,0,0,0,0,0,0,0,0,0,0,0,0,0,0,38,2.2
196,510920,Malcolm,Stolt,Stolt,,10,2594,Kalmar FF,KFF,4,FWD,a,,161,0,0,0,2,0,0,0,0,0,0,0,0,0,3,7,6,53,0.1
197,628702,Vilmer,Tyrén,Tyrén,,10,2594,Kalmar FF,KFF,4,FWD,u,Utlånad till Ljungskile SK.,346,0,0,0,9,0,0,0,1,0,0,1,0,0,5,16,10,52,0.3
198,504077,Anthony,Olusanya,Olusanya,,10,2594,Kalmar FF,KFF,4,FWD,u,Har lämnat klubben.,659,2,0,2,8,0,0,0,1,0,0,1,0,1,4,40,30,49,0.3
199,692489,Charlie,Rosenquist,Rosenquist,,7,1406,Djurgården,DIF,4,FWD,a,,1699,7,1,4,27,0,0,0,2,0,0,4,2,1,17,107,84,53,12.9
200,512683,Emeka,Nnamani,Nnamani,,10,2594,Kalmar FF,KFF,4,FWD,a,,181,0,0,0,3,0,0,0,0,0,0,0,0,0,3,7,13,42,1.2
201,61760,Kristoffer,Nordfeldt,Nordfeldt,,12,195,AIK,AIK,1,GK,a,,1800,0,0,4,30,0,1,0,4,0,82,0,0,0,0,144,85,55,19.7
202,208348,Kalle,Joelsson,Joelsson,,12,195,AIK,AIK,1,GK,a,,180,0,0,0,4,0,0,0,0,0,5,0,0,0,0,21,4,49,0.2
203,219009,Mads,Thychosen,Thychosen,,12,195,AIK,AIK,2,DEF,a,,1188,0,1,3,21,0,0,0,4,0,0,1,9,0,5,125,42,59,2.7
204,687764,Lukas,Bergquist,Bergquist,,12,195,AIK,AIK,2,DEF,a,,850,0,1,3,12,0,0,0,2,0,0,5,6,0,12,101,42,56,3.1
205,530068,Eskil,Edh,Edh,,12,195,AIK,AIK,2,DEF,a,,424,0,0,0,9,0,0,0,2,0,0,1,3,0,5,54,9,53,0.1
206,202456,Sotirios,Papagiannopoulos,Papagiannopoulos,,12,195,AIK,AIK,2,DEF,i,Skadad.,718,0,0,4,10,0,0,0,2,0,0,0,4,0,1,87,34,52,4.0
207,486847,Ibrahim,Cissé,Cissé,,12,195,AIK,AIK,2,DEF,i,Skadad.,720,1,0,1,12,0,0,0,2,0,0,0,9,0,0,95,29,53,5.3
208,570532,Fredrik,Nissen,Nissen,,12,195,AIK,AIK,2,DEF,i,Skadad.,153,0,0,1,2,0,0,0,0,0,0,0,0,0,0,15,9,53,0.0
209,649825,Charlie,Pavey,Pavey,,12,195,AIK,AIK,2,DEF,i,Skadad.,310,0,0,0,4,0,0,0,2,0,0,1,1,0,4,33,8,45,1.1
210,613677,Wilmer,Olofsson,Olofsson,,12,195,AIK,AIK,2,DEF,a,,555,0,0,1,12,0,0,0,2,0,0,0,5,0,0,79,16,44,1.6
211,558950,Ahmad,Faqa,Faqa,,16,2961,Degerfors IF,DEG,2,DEF,a,,844,0,0,2,10,1,0,0,1,0,0,0,11,0,0,139,37,43,0.7
212,136380,Bersant,Celina,Celina,,12,195,AIK,AIK,3,MID,u,Har lämnat klubben.,781,2,3,1,13,0,0,0,2,0,0,3,1,1,9,54,41,78,4.0
213,223089,Johan,Hove,Hove,,12,195,AIK,AIK,3,MID,a,,1800,7,1,4,30,0,0,0,4,0,0,9,3,1,24,134,91,72,10.0
214,700308,Zadok,Yohanna,Yohanna,,12,195,AIK,AIK,3,MID,u,Har lämnat klubben.,579,2,3,1,9,0,0,0,2,0,0,2,2,1,8,45,36,64,15.3
215,629584,Axel,Kouame,Kouame,,12,195,AIK,AIK,3,MID,a,,874,3,1,3,13,0,0,0,0,0,0,7,0,1,20,44,52,59,2.7
216,500155,Áron,Csongvai,Csongvai,,12,195,AIK,AIK,3,MID,u,Har lämnat klubben.,1052,1,1,1,18,0,0,0,2,0,0,5,7,0,15,116,43,59,1.1
217,449949,Amel,Mujanic,Mujanic,,12,195,AIK,AIK,3,MID,a,,855,0,0,2,11,0,0,0,4,0,0,1,1,0,7,70,23,56,0.6
218,578599,Taha,Ayari,Ayari,,12,195,AIK,AIK,3,MID,i,Skadad.,617,1,3,1,8,0,0,0,2,0,0,4,2,1,14,58,37,52,1.0
219,587151,Victor,Andersson,Andersson,,12,195,AIK,AIK,3,MID,u,Har lämnat klubben.,503,2,1,1,10,0,0,0,1,0,0,1,0,0,4,23,31,54,0.1
220,206370,Dino,Besirovic,Besirovic,,12,195,AIK,AIK,3,MID,i,Skadad.,1136,1,2,3,20,0,0,0,4,0,0,4,6,0,12,113,46,48,0.9
221,658065,Andreas,Redkin,Redkin,,12,195,AIK,AIK,3,MID,i,Skadad.,0,0,0,0,0,0,0,0,0,0,0,0,0,0,0,0,0,49,0.0
222,240772,Martin,Ellingsen,Ellingsen,,12,195,AIK,AIK,3,MID,i,Skadad.,0,0,0,0,0,0,0,0,0,0,0,0,0,0,0,0,0,47,0.0
223,608200,Abdihakin,Ali,Ali,,12,195,AIK,AIK,3,MID,a,,1042,0,1,1,20,0,0,0,3,0,0,3,4,0,14,101,35,48,0.3
224,704823,Adrián,Helm,Helm,,12,195,AIK,AIK,3,MID,a,,127,1,1,0,3,0,0,0,0,0,0,0,0,1,2,19,13,48,0.0
225,632564,Stanley,Wilson,Wilson,,12,195,AIK,AIK,3,MID,i,Skadad.,854,0,2,1,16,1,0,0,2,0,0,1,5,0,9,100,29,44,0.9
226,657197,Linus,Järeteg,Järeteg,,12,195,AIK,AIK,3,MID,a,,143,0,0,0,4,0,0,0,0,0,0,0,0,0,2,28,9,44,0.0
227,699275,Yannick,Geiger,Geiger,,12,195,AIK,AIK,3,MID,a,,718,1,0,1,13,0,0,0,2,0,0,0,3,1,3,83,28,43,0.5
228,554831,Erik,Flataker,Flataker,,12,195,AIK,AIK,4,FWD,u,Har lämnat klubben.,401,0,1,0,5,0,0,0,0,0,0,2,1,0,6,25,16,66,1.3
229,649817,Kevin,Filling,Filling,,12,195,AIK,AIK,4,FWD,i,Skadad. Missar resten av säsongen.,1011,2,5,3,19,0,0,0,2,0,0,4,0,0,11,50,53,63,2.4
230,570080,Robin,Wallinder,Wallinder,,14,2360,Mjällby AIF,MAIF,1,GK,a,,1800,0,0,4,32,0,0,0,0,0,67,0,0,0,0,215,72,59,8.5
231,88286,Alexander,Lundin,Lundin,,14,2360,Mjällby AIF,MAIF,1,GK,a,,0,0,0,0,0,0,0,0,0,0,0,0,0,0,0,0,0,54,0.7
232,515175,Amar,Dzevlan,Dzevlan,,14,2360,Mjällby AIF,MAIF,1,GK,u,Utlånad till Nordic United FC.,0,0,0,0,0,0,0,0,0,0,0,0,0,0,0,0,0,54,0.6
233,512351,Axel,Norén,Norén,,14,2360,Mjällby AIF,MAIF,2,DEF,a,,1553,0,1,4,29,0,0,0,2,1,0,0,19,0,8,233,57,62,12.8
234,225046,Timo,Stavitski,Stavitski,,14,2360,Mjällby AIF,MAIF,2,DEF,i,Skadad.,112,0,0,0,3,0,0,0,0,0,0,0,0,0,2,13,3,58,1.5
235,111810,Tom,Pettersson,Pettersson,,14,2360,Mjällby AIF,MAIF,2,DEF,a,,800,2,0,1,18,0,0,0,5,0,0,0,5,1,2,88,32,57,11.2
236,622896,Abdullah,Iqbal,Iqbal,,14,2360,Mjällby AIF,MAIF,2,DEF,a,,1536,0,3,3,29,0,0,0,4,0,0,0,16,0,5,212,59,58,9.5
237,623308,Max,Nielsen,Nielsen,,14,2360,Mjällby AIF,MAIF,2,DEF,a,,699,0,3,2,13,0,0,0,0,0,0,5,1,0,12,56,42,63,0.5
238,652495,Christian,Tchouante,Tchouante,,14,2360,Mjällby AIF,MAIF,2,DEF,u,Utlånad till FK Železničar Pančevo.,27,0,0,0,0,0,0,0,0,0,0,0,0,0,0,4,1,54,0.0
239,535553,Ludvig,Svanberg,Svanberg,,14,2360,Mjällby AIF,MAIF,2,DEF,a,,424,1,0,1,11,0,0,0,0,0,0,0,2,0,1,40,22,53,0.3
240,467186,Tony,Miettinen,Miettinen,,14,2360,Mjällby AIF,MAIF,2,DEF,a,,1391,0,2,4,21,0,0,0,6,0,0,0,10,0,3,163,53,54,2.0
241,587636,Ludvig,Tidstrand,Tidstrand,,14,2360,Mjällby AIF,MAIF,2,DEF,a,,541,0,0,1,9,0,0,0,2,0,0,1,4,0,4,70,25,53,0.2
242,608227,Elliot,Stroud,Stroud,,14,2360,Mjällby AIF,MAIF,3,MID,u,Har lämnat klubben.,809,3,1,4,10,0,0,0,0,0,0,8,11,0,18,117,60,107,15.2
243,465472,Jeppe,Kjær,Kjær,,14,2360,Mjällby AIF,MAIF,3,MID,a,,977,2,1,2,23,0,0,0,4,0,0,7,0,0,19,75,45,76,1.5
244,511610,Áki,Samuelsen,Samuelsen,,14,2360,Mjällby AIF,MAIF,3,MID,a,,846,2,4,1,15,0,0,0,3,0,0,5,1,0,19,66,47,74,1.0
245,608213,Villiam,Granath,Granath,,14,2360,Mjällby AIF,MAIF,3,MID,a,,1395,1,2,2,32,0,0,0,1,0,0,4,5,0,16,143,55,61,4.8
246,617627,Bork,Bang-Kittilsen,Bang,,14,2360,Mjällby AIF,MAIF,3,MID,u,Har lämnat klubben.,144,0,0,0,1,0,0,0,0,0,0,0,0,0,0,10,7,59,0.1
247,570527,Ludwig,Malachowski Thorell,Malachowski Thorell,,14,2360,Mjällby AIF,MAIF,3,MID,u,Har lämnat klubben.,646,1,2,3,8,0,0,0,0,0,0,5,3,1,14,59,39,59,0.5
248,506236,Viktor,Gustafson,Gustafson,,14,2360,Mjällby AIF,MAIF,3,MID,a,,1140,0,1,3,21,0,0,0,5,0,0,3,3,0,10,106,37,58,1.5
249,685600,Måns,Isaksson,Isaksson,,14,2360,Mjällby AIF,MAIF,3,MID,i,Skadad.,0,0,0,0,0,0,0,0,0,0,0,0,0,0,0,0,0,55,0.0
250,169222,Jesper,Gustavsson,Gustavsson,,14,2360,Mjällby AIF,MAIF,3,MID,a,,1830,0,2,4,36,0,0,0,5,0,0,4,9,0,16,183,59,45,4.6
251,665524,Romeo,Leandersson,Leandersson,,14,2360,Mjällby AIF,MAIF,3,MID,a,,346,0,0,0,7,0,0,0,1,0,0,0,0,0,1,28,12,43,0.2
252,695386,Olle,Lindberg,Lindberg,,14,2360,Mjällby AIF,MAIF,3,MID,a,,470,3,1,0,11,0,0,0,1,0,0,4,0,1,12,27,36,40,4.7
253,648174,Abdoulie,Manneh,Manneh,,14,2360,Mjällby AIF,MAIF,4,FWD,u,Utlånad till Cercle Brugge KSV.,799,2,3,2,14,0,0,0,0,0,0,5,0,0,13,49,43,73,6.8
254,483378,Jacob,Bergström,Bergström,,14,2360,Mjällby AIF,MAIF,4,FWD,a,,1827,9,0,3,37,0,0,0,2,0,0,1,0,2,14,69,88,62,20.7
255,241641,Tim,Rönning,Rönning,,15,466,Halmstads BK,HBK,1,GK,a,,1890,0,0,2,38,0,1,0,1,0,81,0,0,0,1,234,74,45,3.9
256,596778,William,Lykke,Lykke,,15,466,Halmstads BK,HBK,1,GK,u,Har lämnat klubben.,90,0,0,0,2,0,0,0,0,0,6,0,0,0,0,15,4,45,0.1
257,231167,Rami,Kaib,Kaib,,15,466,Halmstads BK,HBK,2,DEF,a,,1584,0,2,3,31,0,0,0,6,0,0,8,11,0,23,186,58,54,0.4
258,198254,Joel,Nilsson,J. Nilsson,,15,466,Halmstads BK,HBK,2,DEF,a,,11,0,0,0,0,0,0,0,0,0,0,0,0,0,1,3,1,53,0.1
259,132016,Pascal,Gregor,Gregor,,15,466,Halmstads BK,HBK,2,DEF,a,,1890,0,0,2,38,0,0,0,1,0,0,0,17,0,4,241,53,47,0.5
260,608929,Gustav,Friberg,Friberg,,15,466,Halmstads BK,HBK,2,DEF,u,Har lämnat klubben.,198,0,0,0,7,0,0,0,1,0,0,0,0,0,1,18,2,43,0.1
261,241638,Filip,Schyberg,Schyberg,,15,466,Halmstads BK,HBK,2,DEF,a,,73,0,0,0,3,0,0,0,1,0,0,0,1,0,0,13,4,41,2.4
262,506216,André,Boman,Boman,,15,466,Halmstads BK,HBK,2,DEF,a,,1833,0,1,2,37,0,0,0,1,1,0,7,14,0,23,208,56,44,0.9
263,532049,Erko,Tõugjas,Tõugjas,,15,466,Halmstads BK,HBK,2,DEF,a,,1293,0,0,1,30,0,0,0,2,0,0,1,10,0,4,162,34,43,0.2
264,608216,Gabriel,Wallentin,Wallentin,,15,466,Halmstads BK,HBK,2,DEF,a,,1187,0,0,1,20,0,0,0,1,0,0,1,12,0,5,168,37,38,11.9
265,728601,Hjalmar,Åberg,Åberg,,15,466,Halmstads BK,HBK,2,DEF,a,,0,0,0,0,0,0,0,0,0,0,0,0,0,0,0,0,0,39,0.7
266,530685,Otso,Liimatta,Liimatta,,3,3056,IK Sirius,IKS,3,MID,a,,496,4,0,0,9,0,0,0,2,0,0,1,1,0,7,56,35,58,0.8
267,570830,Hussein,Carneil,Carneil,,15,466,Halmstads BK,HBK,3,MID,a,,1413,2,2,2,29,0,0,0,2,0,0,7,4,0,22,126,64,54,0.2
268,696893,Oliver,Kapsimalis,Kapsimalis,,15,466,Halmstads BK,HBK,3,MID,a,,723,0,0,0,15,0,0,0,1,0,0,1,3,0,7,84,26,53,0.1
269,690381,Marvin,Illary,Illary,,15,466,Halmstads BK,HBK,3,MID,a,,861,0,3,2,15,0,0,0,0,0,0,5,3,0,15,92,46,51,0.1
270,492947,Rocco,Ascone,Ascone,,15,466,Halmstads BK,HBK,3,MID,a,,1594,4,1,2,34,0,0,0,3,0,0,12,13,1,31,192,85,50,1.9
271,193201,Niilo,Mäenpää,Mäenpää,,15,466,Halmstads BK,HBK,3,MID,a,,549,0,0,1,7,0,0,0,1,0,0,5,4,0,10,66,24,48,0.1
272,96133,Joel,Allansson,Allansson,,15,466,Halmstads BK,HBK,3,MID,a,,1769,0,1,1,37,0,0,0,1,0,0,10,9,0,30,174,62,47,1.2
273,484402,Aleksander,Damnjanovic Nilsson,Damnjanovic Nilsson,,15,466,Halmstads BK,HBK,3,MID,a,,336,0,0,0,6,0,0,0,2,0,0,0,1,0,0,39,11,43,0.1
274,651851,Måns,Andersson,Andersson,,15,466,Halmstads BK,HBK,3,MID,u,Utlånad till Laholms FK.,0,0,0,0,0,0,0,0,0,0,0,0,0,0,0,0,0,45,0.0
275,650970,Vincent,Johansson,V. Johansson,,15,466,Halmstads BK,HBK,3,MID,a,,32,0,0,0,1,0,0,0,0,0,0,0,0,0,0,5,2,43,0.1
276,728623,Daniel,Koffi,Koffi,,15,466,Halmstads BK,HBK,3,MID,a,,0,0,0,0,0,0,0,0,0,0,0,0,0,0,0,0,0,45,0.1
277,548961,Omar,Faraj,Faraj,,15,466,Halmstads BK,HBK,4,FWD,a,,1332,4,0,2,31,0,0,0,1,0,0,3,0,0,12,61,59,61,2.9
278,552770,Emmanuel,Yeboah,Yeboah,,15,466,Halmstads BK,HBK,4,FWD,u,Har lämnat klubben.,59,0,0,0,2,0,0,0,0,0,0,0,0,0,1,9,3,52,0.4
279,697477,Malte,Persson,Persson,,15,466,Halmstads BK,HBK,4,FWD,a,,573,1,2,0,9,0,0,0,0,0,0,1,0,1,7,19,39,47,0.8
280,675122,Ludvig,Arvidsson,Arvidsson,,15,466,Halmstads BK,HBK,4,FWD,a,,1407,2,3,1,32,0,0,0,0,0,0,5,0,1,16,71,60,43,15.9
281,160252,Matvei,Igonen,Igonen,,16,2961,Degerfors IF,DEG,1,GK,a,,1980,0,1,3,34,0,0,0,2,0,77,0,0,0,1,226,79,45,13.7
282,479367,Wille,Jakobsson,Jakobsson,,16,2961,Degerfors IF,DEG,1,GK,a,,0,0,0,0,0,0,0,0,0,0,0,0,0,0,0,0,0,39,5.4
283,548898,Rasmus,Forsell,Forsell,,16,2961,Degerfors IF,DEG,1,GK,u,Har lämnat klubben.,0,0,0,0,0,0,0,0,0,0,0,0,0,0,0,0,0,40,19.7
284,224856,Daniel,Sundgren,Sundgren,,16,2961,Degerfors IF,DEG,2,DEF,a,,1198,1,3,2,20,0,0,0,4,0,0,7,5,1,18,134,55,49,3.9
285,157852,Sebastian,Ohlsson,S.Ohlsson (16),,16,2961,Degerfors IF,DEG,2,DEF,a,,1700,1,0,2,28,0,0,0,3,0,0,0,17,0,8,230,57,50,0.8
286,669318,Jesús,Hernández,Hernández,,16,2961,Degerfors IF,DEG,2,DEF,a,,49,0,0,0,1,0,0,0,0,0,0,0,0,0,0,3,2,42,0.1
287,422015,Juhani,Pikkarainen,Pikkarainen,,16,2961,Degerfors IF,DEG,2,DEF,i,Knäskadad.,540,1,1,1,9,0,0,0,1,0,0,0,6,0,3,79,27,43,0.7
288,177884,Sebastian,Ohlsson,S.Ohlsson (7),,16,2961,Degerfors IF,DEG,2,DEF,a,,233,0,0,0,7,0,0,0,0,0,0,0,1,0,0,30,9,43,0.1
289,225241,Erik,Lindell,Lindell,,16,2961,Degerfors IF,DEG,2,DEF,u,Har lämnat klubben.,179,1,0,0,5,0,0,0,1,0,0,0,0,0,2,20,9,45,0.1
290,423612,Mamadouba,Diaby,Diaby,,16,2961,Degerfors IF,DEG,2,DEF,u,Har lämnat klubben.,23,0,0,0,0,0,0,0,0,0,0,0,0,0,0,3,1,39,3.6
291,473227,Nasiru,Moro,Moro,,16,2961,Degerfors IF,DEG,2,DEF,a,,377,1,0,0,9,0,0,0,1,0,0,0,4,0,0,55,16,39,1.6
292,733470,Samba,Diatara,Diatara,,16,2961,Degerfors IF,DEG,2,DEF,a,,1571,1,1,2,27,0,0,0,4,0,0,2,12,0,11,206,56,45,1.1
293,625041,Marcus,Rafferty,Rafferty,,16,2961,Degerfors IF,DEG,3,MID,u,Har lämnat klubben.,865,2,0,1,14,0,0,0,1,0,0,4,1,0,13,46,35,58,2.9
294,446351,Nahom,Girmai Netabay,Netabay,,16,2961,Degerfors IF,DEG,3,MID,a,,1476,1,4,1,27,0,0,0,5,0,0,9,5,0,24,138,61,54,1.5
295,570756,Elias,Barsoum,Barsoum,,16,2961,Degerfors IF,DEG,3,MID,a,,1272,0,2,4,22,0,0,0,1,0,0,3,1,0,17,95,48,53,0.2
296,248899,Ludvig,Fritzson,Fritzson,,16,2961,Degerfors IF,DEG,3,MID,a,,1344,1,1,1,25,0,0,0,3,0,0,2,2,1,9,102,45,48,0.3
297,433888,Bilal,Hussein,Hussein,,16,2961,Degerfors IF,DEG,3,MID,a,,1034,0,0,2,17,0,0,0,1,0,0,2,7,0,7,110,35,49,0.2
298,549091,Kazper,Karlsson,Karlsson,,16,2961,Degerfors IF,DEG,3,MID,a,,1533,0,0,3,25,0,0,0,3,0,0,0,11,0,4,186,48,44,0.8
299,687915,Ziyad,Salifu,Salifu,,16,2961,Degerfors IF,DEG,3,MID,u,Utlånad till FC Rosengård.,10,0,0,0,1,0,0,0,0,0,0,0,0,0,0,1,1,42,0.1
300,703864,Yiriyon,Gideon,Gideon,,16,2961,Degerfors IF,DEG,3,MID,a,,989,1,0,0,17,0,0,0,3,0,0,0,2,0,7,93,31,45,0.1
301,731627,Alexander,Lindgren,Lindgren,,16,2961,Degerfors IF,DEG,3,MID,u,Utlånad till Nordic United FC.,58,0,0,0,3,0,0,0,1,0,0,0,0,0,2,2,2,45,0.0
302,506069,Dijan,Vukojevic,Vukojevic,,16,2961,Degerfors IF,DEG,4,FWD,a,,1291,4,2,3,20,0,0,0,1,0,0,5,0,2,20,55,67,62,5.9
303,509193,Armann,Taranis,Taranis,,16,2961,Degerfors IF,DEG,4,FWD,a,,944,2,0,1,15,0,0,0,1,0,0,1,0,1,10,56,38,53,0.2
304,730835,Olle,Leonardsson,Leonardsson,,16,2961,Degerfors IF,DEG,4,FWD,u,Utlånad till FC Stockholm.,239,0,0,0,5,0,0,0,1,0,0,1,0,0,3,18,13,48,0.1
305,82250,Davor,Blazevic,Blazevic,,21,2352,BP,BP,1,GK,a,,112,0,0,0,1,0,0,0,0,0,2,0,0,0,0,9,4,43,1.5
306,666146,Leo,Cavallius,Cavallius,,21,2352,BP,BP,1,GK,a,,1867,0,0,2,35,1,1,0,1,0,78,0,0,0,2,211,72,46,5.4
307,446790,Alex,Timossi Andersson,Timossi Andersson,,21,2352,BP,BP,2,DEF,u,Har lämnat klubben.,810,1,0,1,14,0,0,0,3,0,0,2,5,0,6,92,27,59,4.4
308,470078,Oliver,Zandén,Zandén,,21,2352,BP,BP,2,DEF,a,,1962,1,3,2,35,0,0,0,2,0,0,5,16,0,21,249,74,50,4.5
309,561037,Andreas,Troelsen,Troelsen,,21,2352,BP,BP,2,DEF,a,,1980,3,0,2,36,0,0,0,0,0,1,1,7,0,5,180,65,45,1.4
310,720708,Jordan,Simpson,Simpson,,21,2352,BP,BP,2,DEF,a,,1231,0,0,2,24,1,0,0,4,0,0,0,8,0,4,144,30,43,0.2
311,442881,Simon,Strand,Strand,,21,2352,BP,BP,2,DEF,a,,1604,2,0,1,30,1,0,0,1,0,0,4,12,1,15,192,57,44,4.4
312,512252,Hlynur,Karlsson,Karlsson,,21,2352,BP,BP,2,DEF,u,Utlånad till Breiðablik.,5,0,0,0,0,0,0,0,0,0,0,0,0,0,0,1,1,43,0.1
313,590160,Kaare,Barslund,Barslund,,21,2352,BP,BP,2,DEF,a,,1500,1,0,3,25,0,0,0,2,0,0,2,5,1,12,153,53,44,0.7
314,648532,Baba,Apiiga,Apiiga,,21,2352,BP,BP,2,DEF,a,,0,0,0,0,0,0,0,0,0,0,0,0,0,0,0,0,0,44,0.1
315,685396,Oskar,Cotton,Cotton,,21,2352,BP,BP,2,DEF,d,Utlånad till IK Oddevold. Kan spela för båda klubbarna.,685,0,1,0,12,0,0,0,0,0,0,0,7,0,1,102,26,39,3.0
316,641879,Emir,El Kathemi,El Kathemi,,21,2352,BP,BP,2,DEF,a,,17,0,0,0,1,0,0,0,0,0,0,1,0,0,2,2,2,39,0.4
317,118237,Oliver,Berg,Berg,,21,2352,BP,BP,3,MID,a,,1320,3,5,1,22,0,0,1,4,0,0,8,1,0,25,83,65,71,1.4
318,477689,Mads,Hansen,Hansen,,21,2352,BP,BP,3,MID,a,,1560,7,7,2,29,0,0,0,1,2,0,9,5,1,29,143,101,72,5.9
319,608223,Anton,Kurochkin,Kurochkin,,21,2352,BP,BP,3,MID,a,,391,2,2,0,12,0,0,0,0,0,0,0,2,0,5,35,33,53,0.1
320,641715,Adam,Stroud,Stroud,,21,2352,BP,BP,3,MID,u,Utlånad till IFK Mariehamn.,0,0,0,0,0,0,0,0,0,0,0,0,0,0,0,0,0,49,0.0
321,570026,Rasmus,Örqvist,Örqvist,,21,2352,BP,BP,3,MID,a,,948,0,2,0,18,0,0,0,0,0,0,0,5,0,4,114,35,49,0.0
322,685398,Sion,Oppong,Oppong,,21,2352,BP,BP,3,MID,u,Har lämnat klubben.,927,2,1,2,15,0,0,0,0,0,0,0,0,1,8,44,40,50,0.1
323,428014,Kevin,Ackermann,Ackermann,,4,244,IFK Göteborg,GBG,3,MID,a,,521,0,0,1,11,0,0,0,1,0,0,0,7,0,4,87,22,43,2.6
324,78217,Serge-Junior,Martinsson Ngouali,Martinsson,,21,2352,BP,BP,3,MID,a,,113,0,0,0,2,0,0,0,2,0,0,0,0,0,1,20,8,42,0.5
325,648853,Charlie,Nildén,Nildén,,3,3056,IK Sirius,IKS,3,MID,a,,492,0,0,2,8,0,0,0,2,0,0,0,0,0,4,41,20,43,0.2
326,632701,Issiaga,Camara,Camara,,21,2352,BP,BP,3,MID,u,Har lämnat klubben.,16,0,0,0,1,0,0,0,0,0,0,0,0,0,0,4,2,43,0.1
327,551401,Lukas,Björklund,Björklund,,21,2352,BP,BP,3,MID,a,,967,3,0,2,19,0,0,0,3,0,0,2,1,1,7,78,47,45,1.1
328,655970,Kamilcan,Sever,Sever,,21,2352,BP,BP,4,FWD,a,,468,1,1,1,10,0,0,0,1,0,0,0,0,0,2,14,25,52,0.2
329,711433,Courage,Otokwefor,Otokwefor,,21,2352,BP,BP,4,FWD,a,,0,0,0,0,0,0,0,0,0,0,0,0,0,0,0,0,0,47,0.1
330,663508,Elton,Hedström,Hedström,,21,2352,BP,BP,4,FWD,u,Utlånad till Ljungskile SK.,176,0,0,1,2,0,0,0,0,0,0,0,0,0,0,9,6,42,0.8
331,693166,David,Isso,Isso,,21,2352,BP,BP,4,FWD,a,,696,1,3,2,9,0,0,0,0,0,0,2,0,0,8,25,35,50,1.1
332,657792,Evans,Botchway,Botchway,,21,2352,BP,BP,4,FWD,i,Skadad.,3,0,0,0,0,0,0,0,0,0,0,0,0,0,0,1,1,42,0.3
333,421640,Mathias,Nilsson,Nilsson,,25,417,Örgryte IS,ÖIS,1,GK,a,,0,0,0,0,0,0,0,0,0,0,0,0,0,0,0,0,0,40,1.5
334,587639,Alex,Rahm,Rahm,,25,417,Örgryte IS,ÖIS,1,GK,a,,0,0,0,0,0,0,0,0,0,0,0,0,0,0,0,0,0,40,1.6
335,565487,Hampus,Gustafsson,Gustafsson,,25,417,Örgryte IS,ÖIS,1,GK,a,,1980,0,0,3,49,1,0,0,0,0,81,0,0,0,2,201,63,45,3.4
336,624620,Michael,Parker,Parker,,25,417,Örgryte IS,ÖIS,2,DEF,a,,1245,0,0,2,32,0,0,0,2,0,0,0,7,0,10,151,34,48,0.6
337,531784,Christoffer,Styffe,Styffe,,25,417,Örgryte IS,ÖIS,2,DEF,a,,1665,2,1,3,43,0,0,0,2,0,1,0,19,0,9,251,66,45,2.8
338,61812,Mikael,Dyrestam,Dyrestam,,25,417,Örgryte IS,ÖIS,2,DEF,a,,1726,0,2,3,40,0,0,0,2,0,0,1,23,0,5,269,63,44,4.1
339,164593,Anton,Andreasson,Andreasson,,25,417,Örgryte IS,ÖIS,2,DEF,a,,1094,3,0,1,31,0,0,0,0,0,0,1,0,1,7,93,44,42,4.1
340,570081,William,Svensson,Svensson,,25,417,Örgryte IS,ÖIS,2,DEF,i,Skadad.,333,0,0,1,5,0,0,0,0,0,0,0,1,0,1,43,17,44,0.1
341,570078,Hampus,Dahlqvist,Dahlqvist,,25,417,Örgryte IS,ÖIS,2,DEF,a,,130,0,0,0,8,0,0,0,0,0,0,0,0,0,0,15,4,43,0.1
342,106936,Jonathan,Azulay,Azulay,,25,417,Örgryte IS,ÖIS,2,DEF,a,,157,0,0,0,7,0,0,0,0,0,0,0,1,0,1,22,6,43,0.1
343,548847,Sebastian,Lagerlund,Lagerlund,,25,417,Örgryte IS,ÖIS,2,DEF,a,,1077,1,0,2,21,0,0,0,3,0,0,0,9,0,4,149,39,39,2.3
344,720788,Love,Kyhlén,Kyhlén,,25,417,Örgryte IS,ÖIS,2,DEF,u,Utlånad till Qviding.,0,0,0,0,0,0,0,0,0,0,0,0,0,0,0,0,0,39,0.5
345,61778,Tobias,Sana,Sana,,25,417,Örgryte IS,ÖIS,3,MID,a,,1839,3,6,2,45,0,0,0,3,0,0,13,0,0,38,86,87,61,2.1
346,447575,Rasmus,Alm,Alm,,25,417,Örgryte IS,ÖIS,3,MID,d,Missade omgång 20 p.g.a. skada.,67,0,0,0,1,0,0,0,0,0,0,1,0,0,3,7,4,58,0.1
347,720682,Benjamin,Laturnus,Laturnus,,25,417,Örgryte IS,ÖIS,3,MID,a,,1737,1,0,3,41,0,0,0,2,0,0,3,16,0,13,236,67,45,0.8
348,157851,Daniel,Paulson,Paulson,,25,417,Örgryte IS,ÖIS,3,MID,a,,1633,1,0,2,41,0,0,0,1,1,0,4,11,0,13,159,57,45,0.3
349,565482,Charlie,Vindehall,Vindehall,,25,417,Örgryte IS,ÖIS,3,MID,a,,266,0,1,0,7,0,0,0,0,0,0,0,3,0,3,48,17,44,0.0
350,218339,Owen,Parker-Price,Parker-Price,,25,417,Örgryte IS,ÖIS,3,MID,a,,1706,0,4,3,39,1,0,0,2,0,0,9,16,0,28,225,76,46,3.3
351,570076,Aydarus,Abukar,Abukar,,25,417,Örgryte IS,ÖIS,3,MID,i,Skadad.,0,0,0,0,0,0,0,0,0,0,0,0,0,0,0,0,0,44,0.0
352,720789,Marlon,Ebietomere,Ebietomere,,25,417,Örgryte IS,ÖIS,3,MID,a,,167,0,0,0,8,0,0,0,1,0,0,0,0,0,0,19,9,42,0.1
353,565492,William,Kenndal,Kenndal,,25,417,Örgryte IS,ÖIS,3,MID,a,,18,0,0,0,1,0,0,0,1,0,0,0,0,0,0,4,4,39,6.8
354,445539,Noah,Christoffersson,Christoffersson,,25,417,Örgryte IS,ÖIS,4,FWD,u,Har lämnat klubben.,1335,8,3,2,31,0,0,0,0,0,0,2,0,2,10,43,85,61,3.8
355,685390,William,Hofvander,Hofvander,,25,417,Örgryte IS,ÖIS,4,FWD,a,,1471,2,4,4,37,0,0,0,3,0,0,4,1,0,14,93,61,53,1.1
356,731191,Jerome,Tibbling Ugwo,Tibbling Ugwo,,25,417,Örgryte IS,ÖIS,4,FWD,a,,651,3,1,1,20,0,0,0,4,0,0,1,0,0,4,30,37,47,1.0
357,687920,Liam,Andersson,Andersson,,25,417,Örgryte IS,ÖIS,4,FWD,a,,10,0,0,0,0,0,0,0,0,0,0,0,0,0,0,1,1,44,0.2
358,230566,Anton,Fagerström,Fagerström,,29,6211,Västerås SK,VSK,1,GK,a,,0,0,0,0,0,0,0,0,0,0,0,0,0,0,0,0,0,43,0.5
359,695365,Elis,Jäger,Jäger,,29,6211,Västerås SK,VSK,1,GK,a,,1980,0,0,7,35,0,1,0,1,0,75,0,0,0,0,159,94,48,8.6
360,570545,André,Bernardini,Bernardini,,29,6211,Västerås SK,VSK,1,GK,a,,0,0,0,0,0,0,0,0,0,0,0,0,0,0,0,0,0,40,3.3
361,501560,Simon,Gefvert,Gefvert,,29,6211,Västerås SK,VSK,2,DEF,a,,1974,1,4,7,35,0,0,0,1,0,0,5,9,0,20,206,91,51,5.9
362,189743,Victor,Wernersson,Wernersson,,29,6211,Västerås SK,VSK,2,DEF,a,,939,0,0,1,17,0,0,0,3,0,0,0,4,0,3,123,27,44,0.3
363,692744,Philip,Bonde,Bonde,,29,6211,Västerås SK,VSK,2,DEF,a,,1634,2,1,6,28,0,0,0,1,0,0,1,12,1,7,199,82,45,1.9
364,441668,Frédéric,Nsabiyumva,Nsabiyumva,,29,6211,Västerås SK,VSK,2,DEF,a,,663,1,0,1,14,0,0,0,1,0,0,0,10,0,0,125,31,43,1.8
365,610401,Marcus,Baggesen,Baggesen,,29,6211,Västerås SK,VSK,2,DEF,a,,954,1,5,4,21,0,0,0,1,0,0,7,4,0,17,106,66,47,7.7
366,644620,Herman,Magnusson,H. Magnusson,,29,6211,Västerås SK,VSK,2,DEF,a,,1866,1,0,7,34,0,0,0,2,0,0,0,27,0,6,302,89,45,30.0
367,673065,Jack,Tagesson,Tagesson,,29,6211,Västerås SK,VSK,2,DEF,a,,398,0,0,2,3,0,0,0,0,0,0,0,2,0,1,54,25,39,0.9
368,731635,Melvin,Ljungqvist,Ljungqvist,,29,6211,Västerås SK,VSK,2,DEF,a,,103,0,0,0,2,0,0,0,0,0,0,0,0,0,0,9,10,40,0.4
369,624708,Liiban,Abadid,Abadid,,29,6211,Västerås SK,VSK,2,DEF,n,Utlånad till Nordic United FC t.o.m. 31 juli.,0,0,0,0,0,0,0,0,0,0,0,0,0,0,0,0,0,39,0.1
370,665588,Leonardo,Bark,Bark,,29,6211,Västerås SK,VSK,2,DEF,a,,11,0,0,0,0,0,0,0,0,0,0,0,0,0,0,5,2,39,0.8
371,693500,Axel,Taonsa,Taonsa,,29,6211,Västerås SK,VSK,3,MID,a,,1455,8,0,7,24,0,0,0,3,0,0,5,7,3,20,128,94,57,2.7
372,157795,Jonathan,Ring,Ring,,29,6211,Västerås SK,VSK,3,MID,i,Skadad.,440,0,1,2,9,0,0,0,0,1,0,3,2,0,9,52,19,52,0.3
373,660509,Karl,Gunnarsson,Gunnarsson,,29,6211,Västerås SK,VSK,3,MID,a,,1330,2,3,6,23,0,0,0,2,0,0,6,2,0,17,97,67,49,0.4
374,479613,Ismet,Lushaku,Lushaku,,29,6211,Västerås SK,VSK,3,MID,a,,897,1,4,4,17,0,0,0,1,0,0,5,7,0,13,112,57,49,0.6
375,570463,Lucas,Sibelius,Sibelius,,29,6211,Västerås SK,VSK,3,MID,u,Utlånad till Varbergs BoIS.,6,0,0,0,0,0,0,0,0,0,0,0,0,0,1,1,2,48,0.0
376,592519,Mamadou,Diagne,Diagne,,29,6211,Västerås SK,VSK,3,MID,a,,1890,1,1,7,33,0,0,0,2,0,0,3,14,1,19,222,74,50,0.7
377,588947,Mattias,Hellisdal,Hellisdal,,29,6211,Västerås SK,VSK,3,MID,a,,779,1,2,3,12,0,0,0,1,0,0,1,2,0,8,73,42,44,0.4
378,652991,Jens,Magnusson,J. Magnusson,,29,6211,Västerås SK,VSK,3,MID,a,,693,2,4,2,12,0,0,0,2,0,0,3,0,0,14,34,47,44,0.3
379,586601,Mikkel,Ladefoged,Ladefoged,,29,6211,Västerås SK,VSK,4,FWD,u,Har lämnat klubben.,1082,9,3,3,23,0,0,1,4,0,0,3,0,2,10,59,79,65,8.4
380,707272,Moussa,Diallo,Diallo,,29,6211,Västerås SK,VSK,4,FWD,i,Skadad.,0,0,0,0,0,0,0,0,0,0,0,0,0,0,0,0,0,42,1.6
381,531037,Abdelrahman,Boudah,Boudah,,29,6211,Västerås SK,VSK,4,FWD,a,,683,1,1,0,14,0,0,0,0,0,0,2,1,0,10,52,31,56,3.6
382,523952,Mergim,Krasniqi,Krasniqi,,30,670,GAIS,GAIS,1,GK,a,,1515,0,0,9,12,0,0,0,0,0,49,0,0,0,2,159,95,54,6.2
383,615312,Kees,Sims,Sims,,30,670,GAIS,GAIS,1,GK,u,Utlånad till FK Haugesund.,180,0,0,0,4,0,0,0,0,0,5,0,0,0,1,28,4,48,0.6
384,601364,Andreas,Hermansen,Hermansen,,30,670,GAIS,GAIS,1,GK,a,,284,0,0,1,4,0,0,0,0,0,12,0,0,0,0,37,14,48,0.3
385,647468,Robin,Wendin Thomasson,Wendin Thomasson,,30,670,GAIS,GAIS,2,DEF,a,,526,0,0,1,8,0,0,0,3,0,0,2,1,0,8,52,17,54,0.3
386,446356,August,Wängberg,Wängberg,,30,670,GAIS,GAIS,2,DEF,a,,1526,0,2,7,15,0,0,0,0,0,0,3,15,0,13,182,82,53,15.3
387,479749,Oskar,Ågren,Ågren,,30,670,GAIS,GAIS,2,DEF,s,Avstängd GW22.,1425,0,0,7,15,0,0,0,4,1,0,0,17,0,5,215,67,55,2.3
388,548963,Robin,Frej,Frej,,30,670,GAIS,GAIS,2,DEF,a,,1245,0,1,4,17,0,0,0,2,0,0,1,11,0,6,163,56,52,3.8
389,437691,Matteo,de Brienne,de Brienne,,30,670,GAIS,GAIS,2,DEF,a,,1311,0,2,8,10,0,0,0,2,0,0,5,14,0,15,200,86,54,3.7
390,591975,Anes,Cardaklija,Cardaklija,,30,670,GAIS,GAIS,2,DEF,a,,895,1,0,6,9,0,0,0,2,0,0,0,8,0,2,128,56,48,2.4
391,644545,Filip,Beckman,Beckman,,30,670,GAIS,GAIS,2,DEF,a,,1032,0,0,7,7,1,0,0,2,0,0,0,9,0,4,143,59,48,1.0
392,570835,Gustav,Lundgren,Lundgren,,30,670,GAIS,GAIS,3,MID,i,Skadad.,0,0,0,0,0,0,0,0,0,0,0,0,0,0,0,0,0,97,3.4
393,687441,Rasmus,Niklasson Petrovic,Niklasson Petrovic,,30,670,GAIS,GAIS,3,MID,a,,1729,3,4,10,18,0,0,0,0,0,0,9,0,2,26,93,89,73,2.9
394,570319,Max,Andersson,Andersson,,30,670,GAIS,GAIS,3,MID,a,,1014,3,1,7,8,0,0,0,1,0,0,5,0,1,17,55,60,59,0.3
395,470084,Kevin,Holmén,Holmén,,30,670,GAIS,GAIS,3,MID,i,Skadad.,90,0,0,0,1,0,0,0,1,0,0,1,1,0,2,13,3,56,1.0
396,692517,Blessing,Dankwah,Blessing,,30,670,GAIS,GAIS,3,MID,a,,122,0,0,1,1,0,0,0,0,0,0,0,0,0,1,7,6,52,0.0
397,570546,Henry,Sletsjøe,Sletsjøe,,30,670,GAIS,GAIS,3,MID,a,,994,2,0,4,10,0,0,0,5,0,0,3,3,0,12,106,39,52,0.1
398,549415,Róbert,Frosti Thorkelsson,Frosti Thorkelsson,,30,670,GAIS,GAIS,3,MID,i,Knäskadad.,1577,4,3,9,14,0,0,0,1,0,0,16,4,2,40,121,95,58,5.7
399,531722,Joackim,Fagerjord,Fagerjord,,30,670,GAIS,GAIS,3,MID,a,,1408,2,1,10,15,0,0,0,6,0,0,8,13,1,23,191,74,47,2.6
400,592037,Mohamed,Bawa,Bawa,,30,670,GAIS,GAIS,3,MID,a,,168,0,0,0,4,0,0,0,1,0,0,0,0,0,3,25,8,50,0.1
401,484399,William,Milovanovic,Milovanovic,,30,670,GAIS,GAIS,3,MID,a,,1382,2,4,7,17,0,0,0,8,0,0,5,9,0,20,168,70,48,5.4
402,85676,Jonas,Lindberg,Lindberg,,30,670,GAIS,GAIS,3,MID,a,,81,0,1,0,0,0,0,0,1,0,0,1,0,0,5,15,13,43,0.5
403,531507,Samuel,Salter,Salter,,30,670,GAIS,GAIS,4,FWD,d,Missade omgång 20 p.g.a. huvudskada.,1231,6,2,8,14,0,0,0,3,0,0,3,0,2,15,82,71,73,4.5
404,568730,Shalom,Ekong,Ekong,,30,670,GAIS,GAIS,4,FWD,u,Utlånad till GIF Sundsvall.,156,1,0,0,2,0,0,0,1,0,0,0,0,0,0,9,13,57,1.0
405,225994,Lucas,Hedlund,Hedlund,,30,670,GAIS,GAIS,4,FWD,a,,54,0,0,0,1,0,0,0,0,0,0,0,0,0,0,3,3,46,1.0
406,687437,Daniel,Bengtsson,Bengtsson,,30,670,GAIS,GAIS,4,FWD,u,Utlånad till Utsiktens BK.,0,0,0,0,0,0,0,0,0,0,0,0,0,0,0,0,0,44,0.7
407,157846,Fredrik,Andersson,F. Andersson,Fredrik Andersson,4,244,IFK Göteborg,GBG,1,GK,a,,0,0,0,0,0,0,0,0,0,0,0,0,0,0,0,0,0,45,0.2
408,617629,Oliver,Hagen,Hagen,Oliver Hagen,2,1987,Hammarby,HAM,3,MID,a,,196,0,0,0,5,0,0,0,0,0,0,1,0,0,4,26,16,75,0.2
409,615253,Noah,Åstrand John,Åstrand John,,1,993,Malmö FF,MFF,2,DEF,a,,483,1,1,1,7,0,0,0,2,0,0,2,1,0,9,45,26,58,0.8
410,479391,Oscar,Pettersson,Pettersson,,30,670,GAIS,GAIS,3,MID,a,,637,1,1,2,8,0,0,0,0,0,0,1,0,0,12,26,33,68,1.0
411,683488,Demirel,Hodzic,Hodzic,,25,417,Örgryte IS,ÖIS,3,MID,u,Har lämnat klubben.,140,0,0,0,6,0,0,0,2,0,0,0,0,0,0,18,5,44,0.0
412,649818,Kristan,Marinkovic,Marinkovic,,6,1959,BK Häcken,BKH,1,GK,a,,0,0,0,0,0,0,0,0,0,0,0,0,0,0,0,0,0,40,2.9
413,715045,Philip,Isaksson,Isaksson,,21,2352,BP,BP,1,GK,a,,0,0,0,0,0,0,0,0,0,0,0,0,0,0,0,0,0,40,1.8
414,731886,Alexander,Berisson,Berisson,,16,2961,Degerfors IF,DEG,4,FWD,n,Utlånad till Karlslunds IF.,14,0,0,0,0,0,0,0,0,0,0,0,0,0,0,2,2,43,0.3
415,716513,Antonio,Palac,Palac,,1,993,Malmö FF,MFF,3,MID,a,,0,0,0,0,0,0,0,0,0,0,0,0,0,0,0,0,0,58,0.0
416,219727,Joel,Asoro,Asoro,,7,1406,Djurgården,DIF,3,MID,u,Har lämnat klubben.,232,2,0,0,1,0,0,0,2,0,0,0,0,0,3,11,21,72,0.5
417,673009,Momoh,Kamara,Kamara,,5,375,IF Elfsborg,IFE,3,MID,a,,1168,5,5,4,14,0,0,0,1,0,0,10,2,2,27,98,87,67,8.5
418,687934,Oscar,Sjöstrand,Sjöstrand,,1,993,Malmö FF,MFF,3,MID,i,Skadad.,738,1,4,3,16,0,0,0,1,0,0,0,0,1,3,44,40,79,1.1
419,719115,Sixten,Gustafsson,Gustafsson,,12,195,AIK,AIK,4,FWD,a,,312,2,0,0,8,0,0,0,1,0,0,1,0,1,7,23,24,49,0.5
420,551067,William,Nieroth Lundgren,Nieroth Lundgren,,1,993,Malmö FF,MFF,1,GK,a,,90,0,0,0,4,0,0,0,0,0,8,0,0,0,0,12,3,47,0.0
421,705036,Ibrahim,Adewale,Adewale,,14,2360,Mjällby AIF,MAIF,3,MID,u,Utlånad till Norrby IF.,6,0,0,0,0,0,0,0,1,0,0,0,0,0,0,0,0,55,0.0
422,720722,Teo,Helge,Helge,,14,2360,Mjällby AIF,MAIF,3,MID,a,,127,0,0,1,1,0,0,0,1,0,0,1,0,0,2,12,5,45,0.0
423,713210,Atle,Wahlund,Wahlund,,21,2352,BP,BP,3,MID,a,,65,0,0,0,0,0,0,0,1,0,0,0,0,0,1,6,1,45,0.0
424,649819,Rasmus,Bergvall,Bergvall,,21,2352,BP,BP,2,DEF,a,,33,0,0,0,0,0,0,0,0,0,0,0,0,0,0,4,3,45,0.0
425,698950,Malte,Pålsson,Pålsson,,1,993,Malmö FF,MFF,2,DEF,a,,601,0,0,2,10,0,0,0,1,1,0,0,4,0,1,80,20,51,0.1
426,673548,Anton,Höög,Höög,,1,993,Malmö FF,MFF,3,MID,a,,675,1,1,2,11,0,0,0,1,0,0,5,2,0,12,46,33,50,0.2
427,693501,Musab,Mohamud,Mohamud,,29,6211,Västerås SK,VSK,3,MID,a,,10,0,0,0,0,0,0,0,0,0,0,0,0,0,0,3,4,45,0.0
428,641049,Bamir,Sadiku,Sadiku,,6,1959,BK Häcken,BKH,4,FWD,a,,27,0,0,0,1,0,0,0,0,0,0,0,0,0,0,0,7,59,0.0
429,638770,Rasmus,Nåfors Dahlin,Nåfors Dahlin,,4,244,IFK Göteborg,GBG,2,DEF,a,,0,0,0,0,0,0,0,0,0,0,0,0,0,0,0,0,0,45,0.0
430,654580,Elliot,Eld,Eld,,3,3056,IK Sirius,IKS,2,DEF,a,,0,0,0,0,0,0,0,0,0,0,0,0,0,0,0,0,0,45,0.0
431,614385,Jesper,Uneken,Uneken,,3,3056,IK Sirius,IKS,4,FWD,a,,280,1,0,2,1,0,0,0,1,0,0,1,0,1,2,10,14,80,1.5
432,538709,Diego,García,Diego García,Diego García,1,993,Malmö FF,MFF,4,FWD,d,Missade omgång 20 p.g.a. skada.,305,3,0,2,3,0,0,0,1,0,0,0,0,2,2,13,27,75,1.8
433,742627,Angelo,Agbejoye,Agbejoye,,7,1406,Djurgården,DIF,3,MID,a,,0,0,0,0,0,0,0,0,0,0,0,0,0,0,0,0,0,65,0.0
434,111761,Marcus,Rohdén,Rohdén,,5,375,IF Elfsborg,IFE,3,MID,a,,57,0,0,0,3,0,0,0,0,0,0,0,0,0,1,4,2,53,0.0
435,657571,Gabríel,Gunnarsson,Gunnarsson,Gabríel Gunnarsson,5,375,IF Elfsborg,IFE,4,FWD,a,,0,0,0,0,0,0,0,0,0,0,0,0,0,0,0,0,0,60,0.0
436,550601,Waylon,Renecke,Renecke,,2,1987,Hammarby,HAM,2,DEF,a,,165,1,0,2,0,0,0,0,0,0,0,0,1,1,0,15,23,58,0.1
437,720730,Suwaibou,Kebbeh,Kebbeh,,2,1987,Hammarby,HAM,4,FWD,a,,48,0,0,0,0,0,0,0,0,0,0,0,0,0,0,2,6,60,0.0
438,572929,Simen,Hestnes,Hestnes,,6,1959,BK Häcken,BKH,3,MID,a,,533,0,0,3,7,0,0,0,0,0,0,0,0,0,1,49,17,55,0.0
439,732640,Bonaventure,Lendambi,Lendambi,,29,6211,Västerås SK,VSK,4,FWD,s,Avstängd GW22.,467,2,0,3,6,0,0,0,3,0,0,0,0,2,3,35,23,54,0.2
440,647781,Daryl,Nana,Tschoumy-Nana,,7,1406,Djurgården,DIF,2,DEF,a,,0,0,0,0,0,0,0,0,0,0,0,0,0,0,0,0,0,53,0.0
441,204165,Adam,Andersson,A. Andersson,,25,417,Örgryte IS,ÖIS,2,DEF,a,,741,1,1,1,16,0,0,0,0,0,0,6,1,0,13,68,32,49,0.6
442,548966,Wilmer,Odefalk,Odefalk,,21,2352,BP,BP,3,MID,a,,524,0,1,1,10,0,0,0,1,0,0,5,0,0,13,37,21,50,0.0
443,570333,Viktor,Bergh,Bergh,,7,1406,Djurgården,DIF,2,DEF,u,Har lämnat klubben.,0,0,0,0,0,0,0,0,0,0,0,0,0,0,0,0,0,50,0.0
444,695892,Bidemi,Amole,Amole,,21,2352,BP,BP,3,MID,a,,89,0,0,0,3,0,0,0,0,0,0,0,0,0,2,9,5,50,0.0
445,536488,Theo,Sander,Sander,,5,375,IF Elfsborg,IFE,1,GK,a,,0,0,0,0,0,0,0,0,0,0,0,0,0,0,0,0,0,45,0.0
446,445893,Marius,Lode,Lode,,6,1959,BK Häcken,BKH,2,DEF,u,Har lämnat klubben.,0,0,0,0,0,0,0,0,0,0,0,0,0,0,0,0,0,45,0.0
447,624082,Madiou,Keïta,Keïta,,29,6211,Västerås SK,VSK,2,DEF,a,,396,0,0,4,9,0,0,0,1,0,0,0,4,0,2,59,27,45,0.2
448,612742,Mohamed,Derbali,Derbali,Mohamed Derbali,21,2352,BP,BP,3,MID,a,,292,0,0,1,7,0,0,0,1,0,0,0,1,0,0,36,10,45,0.0
449,466321,Alexander,Jensen,Jensen,,5,375,IF Elfsborg,IFE,2,DEF,a,,745,0,2,4,8,0,0,0,1,0,0,4,2,0,11,70,42,61,2.1
450,742914,Fabian,Björklund,Björklund,,10,2594,Kalmar FF,KFF,2,DEF,a,,152,0,0,0,4,0,0,0,0,0,0,0,1,0,0,22,4,45,0.0
451,570529,Alexander,Almqvist,Almqvist,,10,2594,Kalmar FF,KFF,2,DEF,a,,340,0,0,1,8,0,0,0,1,0,0,0,1,0,0,39,11,45,0.0
452,661268,Issaka,Seidu,Seidu,,4,244,IFK Göteborg,GBG,2,DEF,a,,175,0,0,0,5,0,0,0,0,0,0,0,0,0,3,12,6,54,0.0
453,533454,Adam,Vikman,Wikman,,3,3056,IK Sirius,IKS,3,MID,a,,17,0,0,0,0,0,0,0,0,0,0,0,0,0,0,1,2,45,0.0
454,469124,Ali,Youssef,Youssef,,14,2360,Mjällby AIF,MAIF,4,FWD,a,,476,1,0,0,9,0,0,0,1,0,0,0,0,0,3,23,18,62,0.1
455,509203,Martin,Agnarsson,Agnarsson,,14,2360,Mjällby AIF,MAIF,2,DEF,a,,187,0,0,0,4,0,0,0,1,0,0,1,0,0,3,13,4,60,0.0
456,570286,Robin,Dzabic,Dzabic,,16,2961,Degerfors IF,DEG,3,MID,a,,647,0,1,1,11,0,0,0,3,0,0,4,1,0,12,59,23,53,0.0
457,717233,Oliver,Månsson,Månsson,,4,244,IFK Göteborg,GBG,3,MID,a,,746,0,2,4,8,0,0,0,1,0,0,5,5,0,13,91,37,45,0.5
458,179618,Hervé,Matthys,Matthys,,12,195,AIK,AIK,2,DEF,a,,828,0,0,2,16,0,0,0,1,0,0,0,11,0,1,131,31,56,4.1
459,106325,Hjörtur,Hermannsson,Hermannsson,,4,244,IFK Göteborg,GBG,2,DEF,a,,653,1,0,3,8,0,0,0,3,0,0,0,3,1,2,71,32,50,0.4
460,114226,Sam,Larsson,Larsson,,4,244,IFK Göteborg,GBG,4,FWD,a,,743,7,2,3,10,0,0,0,0,0,0,7,1,1,22,56,68,88,9.1
461,667169,Nikolai,Skuseth,Skuseth,,16,2961,Degerfors IF,DEG,2,DEF,a,,900,0,1,2,15,0,0,0,0,0,0,0,10,0,1,117,35,45,0.1
462,694259,Simon,Jørgensen,Jørgensen,,30,670,GAIS,GAIS,3,MID,a,,182,0,0,0,1,0,0,0,0,0,0,1,0,0,3,8,10,54,0.0
463,490971,Warren,Kamanzi,Kamanzi,,1,993,Malmö FF,MFF,2,DEF,i,Skadad.,0,0,0,0,0,0,0,0,0,0,0,0,0,0,0,0,0,66,0.0
464,710994,Christos,Almyras,Almyras,,7,1406,Djurgården,DIF,3,MID,s,Avstängd GW22.,196,0,0,1,0,0,0,0,1,1,0,0,1,0,1,36,7,54,0.0
465,570394,Harun,Ibrahim,Ibrahim,,6,1959,BK Häcken,BKH,3,MID,a,,211,0,0,0,4,0,0,0,1,0,0,0,1,0,3,33,8,52,0.0
466,242697,Ian,Hoffmann,Hoffmann,,14,2360,Mjällby AIF,MAIF,2,DEF,a,,193,0,0,0,9,0,0,0,1,0,0,0,0,0,1,17,1,60,0.0
467,743241,Isaac,Assibu,Assibu,,1,993,Malmö FF,MFF,3,MID,a,,150,0,0,0,3,0,0,0,0,0,0,0,0,0,2,16,7,54,0.0
468,612922,August,Ljungberg,Ljungberg,,3,3056,IK Sirius,IKS,3,MID,a,,154,1,1,0,7,0,0,0,0,0,0,0,0,0,2,8,14,54,0.0
469,588767,Amin,Boudri,Boudri,,2,1987,Hammarby,HAM,3,MID,i,Skadad.,297,0,2,3,2,0,0,0,0,0,0,3,2,0,9,30,23,93,0.4
470,584350,Linus,Carlstrand,Carlstrand,,12,195,AIK,AIK,4,FWD,a,,563,5,1,1,8,0,0,0,1,0,0,4,0,1,11,22,45,74,19.1
471,245772,Lukas,Jonsson,Jonsson,,7,1406,Djurgården,DIF,1,GK,a,,0,0,0,0,0,0,0,0,0,0,0,0,0,0,0,0,0,55,0.0
472,229458,Diogo,Tomas,Tomas,,12,195,AIK,AIK,2,DEF,i,Skadad.,32,0,0,0,0,0,0,0,0,0,0,0,0,0,0,4,1,52,0.0
473,748212,Karim,Boutera,Boutera,,16,2961,Degerfors IF,DEG,4,FWD,a,,288,0,0,1,5,0,0,0,3,0,0,0,0,0,1,18,7,55,0.0
474,486359,Sander,Ringberg,Ringberg,,7,1406,Djurgården,DIF,3,MID,a,,8,0,0,0,0,0,0,0,0,0,0,0,0,0,0,0,1,68,0.0
475,658073,Ossian,Nordvall,Nordvall,,5,375,IF Elfsborg,IFE,3,MID,a,,206,0,0,1,2,0,0,0,0,0,0,0,1,0,0,22,11,45,0.0
476,541743,Markus,Haaland,Haaland,,6,1959,BK Häcken,BKH,3,MID,a,,57,0,0,0,0,0,0,0,0,0,0,0,0,0,1,3,4,65,0.0
477,524029,Noah Leon,Shamoun,Shamoun,Noah Shamoun,10,2594,Kalmar FF,KFF,3,MID,a,,91,0,0,0,3,0,0,0,0,0,0,0,0,0,1,13,4,50,0.0
478,574114,Jonathan,Esenga,Esenga,,5,375,IF Elfsborg,IFE,2,DEF,a,,1,0,0,0,0,0,0,0,0,0,0,0,0,0,0,1,1,55,0.0
479,678116,Villum,Dalsgaard,Dalsgaard,,14,2360,Mjällby AIF,MAIF,3,MID,i,Skadad.,41,0,0,0,1,0,0,0,0,0,0,0,0,0,0,4,2,59,0.0
480,533579,Mads,Enggård,Enggård,,14,2360,Mjällby AIF,MAIF,3,MID,a,,305,0,0,0,8,0,0,0,1,0,0,1,3,0,6,42,11,50,0.1
481,497896,Eskild,Dall,Dall,,10,2594,Kalmar FF,KFF,4,FWD,a,,206,0,0,1,4,0,0,0,0,0,0,0,0,0,0,13,6,50,0.0
482,90440,Tom,Trybull,Trybull,,15,466,Halmstads BK,HBK,3,MID,s,Avstängd GW22.,270,0,0,1,4,0,0,0,3,0,0,0,3,0,0,42,7,44,0.0
483,204903,Christos,Gravius,Gravius,,30,670,GAIS,GAIS,3,MID,a,,27,0,0,0,0,0,0,0,1,0,0,0,0,0,1,1,0,45,0.0
484,446859,Ajdin,Zeljkovic,Zeljkovic,,15,466,Halmstads BK,HBK,4,FWD,a,,226,0,0,1,3,0,0,0,0,0,0,0,0,0,2,8,7,49,0.0
485,166372,Stian,Gregersen,Gregersen,,1,993,Malmö FF,MFF,2,DEF,a,,323,0,0,2,3,0,0,0,1,0,0,0,2,0,1,39,16,60,2.0
486,560727,Peter,Amoran,Amoran,,29,6211,Västerås SK,VSK,2,DEF,a,,31,0,0,0,0,0,0,0,0,0,0,0,0,0,0,5,2,45,0.0
487,537486,Zalán,Vancsa,Vancsa,,3,3056,IK Sirius,IKS,3,MID,a,,238,0,3,2,0,0,0,0,0,0,0,1,0,0,5,10,18,75,0.1
488,721999,Casper,Risbjerg,Risbjerg,,29,6211,Västerås SK,VSK,4,FWD,a,,20,0,0,0,0,0,0,0,0,0,0,0,0,0,0,0,1,49,0.0
489,570939,Alexander,Simmelhack,Simmelhack,,4,244,IFK Göteborg,GBG,4,FWD,a,,244,2,0,2,1,0,0,0,0,0,0,0,0,2,2,7,18,65,0.9
490,473882,Jesper,Löfgren,Löfgren,,10,2594,Kalmar FF,KFF,2,DEF,a,,270,0,0,0,7,0,0,0,0,0,0,0,2,0,3,29,6,45,0.0
491,715037,Ladji,Camara,Camara,,12,195,AIK,AIK,2,DEF,a,,49,0,1,0,1,0,0,0,1,0,0,0,0,0,1,5,3,40,0.1
492,649822,Oskar,Pukelis,Pukelis,,12,195,AIK,AIK,2,DEF,a,,26,0,0,0,1,0,0,0,0,0,0,0,0,0,0,2,2,40,0.0
493,509478,Mayckel,Lahdo,Lahdo,,1,993,Malmö FF,MFF,3,MID,a,,70,0,0,0,1,0,0,0,0,0,0,0,0,0,2,4,2,79,0.3
494,697061,Alexander,Anderson,A. Andersson,,7,1406,Djurgården,DIF,3,MID,a,,6,0,1,0,0,0,0,0,0,0,0,0,0,0,1,4,5,55,0.0
495,242865,Pavle,Vagic,Vagic,,21,2352,BP,BP,2,DEF,a,,168,0,0,0,4,0,0,0,0,0,0,0,0,0,1,11,3,45,0.0
496,635638,Luka,Petrovic,Petrovic,,21,2352,BP,BP,4,FWD,a,,0,0,0,0,0,0,0,0,0,0,0,0,0,0,0,0,0,50,0.0
497,622419,Sebastian,Hansen,Hansen,,14,2360,Mjällby AIF,MAIF,1,GK,a,,180,0,0,0,6,0,0,0,0,0,10,0,0,0,1,34,4,49,0.1
498,588714,Mads,Agger,Agger,,6,1959,BK Häcken,BKH,3,MID,a,,64,0,0,0,0,0,0,0,0,0,0,0,0,0,1,5,3,69,0.0
499,530319,David,Obou,Obou,,25,417,Örgryte IS,ÖIS,3,MID,a,,50,0,0,0,2,0,0,0,0,0,0,0,0,0,0,4,3,50,0.0
500,586774,Tobias,Lauritsen,Lauritsen,,10,2594,Kalmar FF,KFF,3,MID,a,,191,0,0,0,5,0,0,0,0,0,0,1,0,0,3,15,6,50,0.0
501,530688,Miska,Ylitolva,Ylitolva,,10,2594,Kalmar FF,KFF,2,DEF,a,,267,0,0,0,7,0,0,0,0,0,0,0,3,0,1,32,7,45,0.0
502,249137,Sebastian,Hausner,Hausner,,12,195,AIK,AIK,2,DEF,a,,97,0,0,0,2,0,0,0,0,0,0,0,0,0,0,12,3,50,0.0
503,570287,Viktor,Ekblom,Ekblom,,25,417,Örgryte IS,ÖIS,4,FWD,a,,71,0,0,0,0,0,0,0,0,0,0,0,0,0,0,4,2,50,0.0
504,731891,Adam,Wihed,Wihed,,15,466,Halmstads BK,HBK,1,GK,a,,0,0,0,0,0,0,0,0,0,0,0,0,0,0,0,0,0,40,0.1
505,658064,Åke,Andersson,Andersson,,3,3056,IK Sirius,IKS,4,FWD,a,,27,0,0,0,0,0,0,0,0,0,0,0,0,0,0,2,1,55,0.0
506,549428,Kasper,Paananen,Paananen,,10,2594,Kalmar FF,KFF,4,FWD,a,,0,0,0,0,0,0,0,0,0,0,0,0,0,0,0,0,0,59,0.0
507,495190,Lucas,Assadi,Assadi,,12,195,AIK,AIK,3,MID,a,,262,0,1,0,7,0,0,0,0,0,0,0,0,0,2,7,10,70,0.9
508,472840,Abdul,Abdulmalik,Abdulmalik,,7,1406,Djurgården,DIF,3,MID,a,,30,0,0,0,1,0,0,0,0,0,0,0,0,0,1,3,1,70,0.2
509,663366,Viggo,Elfstrom,Elfström,,5,375,IF Elfsborg,IFE,2,DEF,a,,6,0,0,0,1,1,0,0,0,0,0,0,0,0,0,3,1,45,0.0
510,658072,Nikolaj,Staykov,Staykov,,12,195,AIK,AIK,3,MID,a,,10,0,0,0,0,0,0,0,0,0,0,0,0,0,0,0,1,45,0.0
511,719368,Levi,Hansas,Hansas,,29,6211,Västerås SK,VSK,3,MID,a,,1,0,0,0,0,0,0,0,0,0,0,0,0,0,0,0,1,45,0.0
512,641877,Viggo,Jeppsson,Jeppsson,,1,993,Malmö FF,MFF,3,MID,a,,21,0,1,0,0,0,0,0,0,0,0,0,0,0,0,2,5,45,0.0
